295850,2017-03-11,2017-03-04,0,12
255567,2017-01-09,2014-06-30,3,2
232325,2015-10-10,2014-06-30,1,2
287556,2017-07-16,2016-05-25,3,2
291116,2017-03-08,2016-09-16,5,5
284838,2017-09-08,2016-02-26,5,0
233620,2017-02-09,2014-06-30,2,1
293328,2016-12-26,2016-11-29,1,4
288440,2016-06-24,2016-06-14,0,2
238152,2015-06-24,2014-06-30,8,5
74882,2017-07-16,2014-06-30,3,1
282685,2016-12-07,2015-12-08,2,1
298215,2017-07-29,2017-05-11,3,1
285102,2016-03-29,2016-03-03,2,5
288430,2016-11-22,2016-06-14,5,0
285211,2016-03-24,2016-03-03,1,6
297906,2017-08-21,2017-05-05,1,1
211491,2016-10-02,2014-06-30,26,14
215902,2016-06-21,2014-06-30,1,0
269339,2015-08-23,2014-08-28,8,12
265692,2015-08-07,2014-06-30,3,1
291016,2016-10-14,2016-09-14,2,8
248920,2016-01-13,2014-06-30,0,4
290292,2016-08-23,2016-08-16,0,7
288637,2016-08-09,2016-06-18,2,3
258466,2016-01-07,2014-06-30,3,2
264783,2015-10-16,2014-06-30,0,0
196632,2015-09-15,2014-06-30,3,5
238548,2017-07-16,2014-06-30,1,0
284661,2016-04-07,2016-02-13,2,25
259833,2016-10-22,2014-06-30,3,5
259607,2016-09-27,2014-06-30,3,1
212920,2016-03-04,2014-06-30,5,4
290424,2017-05-11,2016-08-19,7,2
296894,2017-04-26,2017-04-06,1,8
276674,2016-04-17,,0,0
288573,2016-08-11,2016-06-17,2,8
273599,2016-01-05,2015-01-06,0,4
296726,2017-07-16,2017-03-25,4,1
287361,2016-07-07,2016-05-25,1,0
291748,2016-11-18,2016-10-01,2,0
202260,2017-07-16,2014-06-30,0,0
270767,2016-08-30,,3,1
290304,2016-08-23,2016-08-16,0,7
276715,2016-03-23,2015-05-21,2,3
274611,2016-08-29,2015-02-27,4,3
241843,2016-05-11,2014-06-30,4,2
266348,2016-09-24,2014-06-30,6,5
288382,2016-07-26,2016-06-14,1,5
296606,2017-06-22,2017-03-23,2,0
291345,2017-06-02,2016-09-22,5,3
138909,2017-08-01,2014-06-30,1,1
295939,2017-07-15,2017-03-10,6,3
280692,2016-04-08,,7,5
290336,2016-09-22,2016-08-16,1,6
94425,2017-02-23,2014-06-30,0,0
292377,2017-01-21,2016-10-25,1,3
284281,2016-03-30,2016-02-02,2,1
195844,2016-05-27,2014-06-30,1,1
248342,2017-07-16,2014-06-30,3,2
283761,2016-02-10,2016-01-14,0,8
294160,2017-04-29,2016-12-16,7,3
259612,2016-03-30,2014-06-30,0,0
178224,2017-01-21,2014-06-30,4,0
265468,2016-01-07,2014-06-30,2,2
280561,2015-10-24,2015-10-20,1,6
295658,2017-03-22,2017-02-25,1,1
292645,2016-12-17,2016-11-04,4,17
281731,2016-02-19,2015-11-19,2,1
179790,2015-07-08,2014-06-30,5,3
231039,2017-08-25,2014-06-30,1,0
285231,2016-04-10,2016-03-03,1,5
296654,2017-05-12,2017-03-25,2,2
63238,2015-09-12,2014-06-30,0,0
284162,2017-09-07,2016-01-29,5,0
299677,2017-07-09,2017-07-05,0,4
191944,2015-07-04,2014-06-30,2,2
267492,2016-06-06,2014-06-30,1,2
290180,2016-11-26,2016-08-06,2,5
289204,2017-04-27,2016-07-06,4,4
195590,2015-12-16,2014-06-30,1,1
298222,2017-07-18,2017-05-11,2,1
283213,2016-05-20,2015-12-26,5,4
95712,2017-09-07,2014-06-30,1,0
232208,2017-08-25,2014-06-30,13,2
242209,2017-07-23,2014-06-30,0,0
251513,2016-09-15,2014-06-30,1,4
275204,2015-08-28,2015-03-26,6,6
292850,2017-04-13,2016-11-15,5,3
295290,2017-03-14,2017-02-07,1,2
278780,2017-02-28,2015-09-04,2,4
177492,2015-09-08,2014-06-30,0,3
298627,2017-07-29,2017-05-26,0,1
279840,2016-04-19,2015-10-08,9,4
297962,2017-07-27,2017-05-06,2,0
274034,2016-02-11,2015-01-28,6,8
120146,2016-06-29,2014-06-30,1,1
280035,2017-04-18,2015-10-09,4,2
263038,2016-02-02,2014-06-30,3,5
226289,2015-12-12,2014-06-30,0,2
286289,2016-07-16,2016-04-23,5,4
296703,2017-04-23,2017-03-25,1,3
283552,2017-03-14,2016-01-12,7,3
146557,2016-11-18,2014-06-30,1,1
258855,2015-09-02,2014-06-30,2,3
288592,2016-08-08,2016-06-17,1,8
253127,2017-05-17,2014-06-30,4,1
270197,2017-05-07,2014-09-23,4,2
283541,2016-03-19,2016-01-12,1,8
250220,2016-02-05,2014-06-30,0,2
236076,2017-07-16,2014-06-30,3,1
292606,2016-11-07,2016-11-02,0,4
290334,2016-10-16,2016-08-16,2,8
265334,2015-12-17,2014-06-30,2,1
236449,2017-08-04,2014-06-30,8,1
248778,2017-03-12,2014-06-30,0,1
290312,2016-11-20,2016-08-16,3,1
9023,2016-11-17,2014-06-30,2,0
279728,2016-07-29,2015-10-06,2,0
289916,2016-08-18,2016-08-03,0,16
298003,2017-05-24,2017-05-06,0,4
290929,2016-11-09,2016-09-08,3,0
232629,2016-05-31,2014-06-30,3,0
279398,2015-10-13,2015-10-01,2,17
292628,2017-07-21,2016-11-03,5,2
244906,2016-08-03,2014-06-30,3,4
281786,2016-12-21,2015-11-19,0,2
294646,2017-04-29,2017-01-04,3,6
179645,2016-08-29,2014-06-30,1,2
271703,2015-08-21,2014-11-07,5,2
292429,2017-02-19,2016-10-27,9,10
269067,2015-11-10,2014-08-14,4,6
274251,2015-10-21,2015-02-13,4,2
281415,2017-01-09,2015-11-06,4,2
279877,2017-08-23,2015-10-08,2,1
272536,2017-03-15,2014-12-04,2,6
252234,2017-01-13,2014-06-30,11,11
273215,2016-11-21,2014-12-18,4,9
291609,2017-09-03,2016-09-29,5,1
272549,2015-09-12,2014-12-04,2,8
289161,2016-08-03,2016-07-06,1,5
210298,2017-07-29,2014-06-30,0,0
284732,2016-08-14,2016-02-25,17,18
277031,2016-03-01,2015-05-26,7,3
273422,2015-11-17,2014-12-20,6,3
264994,2017-07-16,2014-06-30,0,0
241017,2017-01-28,2014-06-30,4,0
241811,2015-11-27,2014-06-30,0,2
297992,2017-07-26,2017-05-06,3,1
19989,2015-11-16,2014-06-30,0,1
296687,2017-04-10,2017-03-25,1,7
277235,2016-01-12,2015-06-04,5,6
185813,2015-11-24,2014-06-30,1,1
270637,2017-08-31,2014-10-07,3,2
259514,2017-08-31,2014-06-30,5,2
287519,2016-06-24,2016-05-25,1,4
283267,2016-02-18,2015-12-30,0,13
278883,2017-02-16,2015-09-16,4,4
286894,2016-10-20,2016-05-12,7,3
291736,2017-01-20,2016-10-01,3,0
253818,2016-11-10,2014-06-30,2,1
292626,2017-01-15,2016-11-03,3,5
282631,2016-08-20,2015-12-05,2,6
287599,2017-03-14,2016-05-26,4,6
286841,2016-07-01,2016-05-12,2,2
259601,2017-04-11,2014-06-30,7,7
284940,2016-04-12,2016-03-02,1,7
171270,2015-09-09,2014-06-30,0,0
281224,2015-12-09,2015-11-06,1,5
58892,2015-09-08,2014-06-30,0,1
272000,2017-04-14,2014-11-13,1,3
282642,2016-06-27,2015-12-05,3,3
230135,2016-09-01,2014-06-30,1,1
244604,2017-03-14,2014-06-30,1,3
285054,2017-01-28,2016-03-02,1,1
275398,2017-09-09,2015-04-01,1,0
290405,2016-10-08,2016-08-19,1,6
284298,2016-03-05,2016-02-02,1,7
294937,2017-01-30,2017-01-18,1,3
293343,2016-12-26,2016-11-29,1,4
298452,2017-07-21,2017-05-18,2,3
187357,2015-09-29,2014-06-30,1,0
188127,2017-03-28,2014-06-30,6,6
291263,2016-10-30,2016-09-21,2,9
105347,2016-04-07,2014-06-30,0,0
259155,2015-10-25,2014-06-30,1,1
185363,2016-01-09,2014-06-30,1,0
202027,2016-03-29,2014-06-30,36,39
10725,2015-09-12,2014-06-30,2,0
222723,2016-04-19,2014-06-30,2,4
288393,2016-07-15,2016-06-14,1,3
285323,2016-05-03,2016-03-10,1,5
295552,2017-09-08,2017-02-08,2,1
1879450,2016-07-08,,0,0
299913,2017-08-01,2017-07-11,1,3
297085,2017-04-20,2017-04-07,0,5
292964,2016-11-28,2016-11-18,1,2
297148,2017-05-20,2017-04-11,2,6
285116,2016-04-03,2016-03-03,1,1
220237,2016-06-29,2014-06-30,4,5
279028,2015-10-23,2015-09-23,3,8
292550,2017-03-21,2016-10-28,3,0
182343,2015-12-26,2014-06-30,0,1
272646,2015-11-14,2014-12-05,2,1
285553,2017-02-27,2016-03-17,9,6
288366,2016-09-11,2016-06-14,2,4
276327,2017-06-22,2015-05-09,4,3
290706,2016-11-25,2016-08-31,4,10
253593,2016-05-24,2014-06-30,3,4
279120,2015-12-16,2015-09-23,1,2
285546,2016-05-26,2016-03-17,3,9
285207,2016-04-02,2016-03-03,1,5
297121,2017-05-20,2017-04-11,1,8
296707,2017-04-19,2017-03-25,1,4
278101,2016-10-04,2015-07-04,1,0
287791,2017-01-13,2016-05-28,14,19
217042,2016-08-29,2014-06-30,0,0
206466,2017-07-16,2014-06-30,0,0
282312,2016-04-20,2015-12-02,2,4
250783,2016-11-18,2014-06-30,2,1
280087,2016-05-13,2015-10-09,9,8
243467,2015-12-16,2014-06-30,4,4
289775,2017-05-06,2016-07-28,3,2
278771,2015-09-18,2015-09-04,1,3
271736,2016-01-21,2014-11-07,1,0
295501,2017-03-03,2017-02-08,1,9
288465,2016-08-31,2016-06-14,2,6
285721,2016-06-23,2016-03-24,5,14
274021,2016-03-24,2015-01-28,2,2
198320,2016-01-06,2014-06-30,2,0
263399,2017-03-03,2014-06-30,0,0
152040,2016-11-18,2014-06-30,0,0
290282,2016-09-20,2016-08-16,1,5
297082,2017-06-28,2017-04-07,2,3
272550,2015-11-14,2014-12-04,2,0
288568,2016-08-08,2016-06-17,2,5
295915,2017-06-29,2017-03-10,4,5
215853,2017-07-16,2014-06-30,0,0
287405,2016-06-14,2016-05-25,1,9
295019,2017-07-21,2017-01-21,7,1
277000,2016-05-11,2015-05-26,3,0
298022,2017-07-13,2017-05-06,1,0
298235,2017-09-07,2017-05-11,1,0
294557,2017-04-29,2017-01-04,3,6
295706,2017-03-03,2017-02-25,0,7
186270,2017-03-02,2014-06-30,4,7
291999,2016-12-09,2016-10-13,1,5
160968,2016-09-20,2014-06-30,2,1
289764,2016-09-10,2016-07-28,2,5
292440,2017-06-09,2016-10-27,8,3
289785,2016-10-14,2016-07-28,3,4
292379,2017-03-15,2016-10-25,2,9
67014,2015-09-12,2014-06-30,2,0
277205,2016-11-10,2015-06-04,5,6
8521,2016-11-10,2014-06-30,2,0
264183,2015-11-18,2014-06-30,4,10
296188,2017-04-22,2017-03-15,0,2
285783,2016-07-01,2016-03-24,3,8
285914,2016-12-25,2016-04-08,3,4
170692,2015-07-10,2014-06-30,1,2
291824,2016-10-21,2016-10-01,1,4
269547,2016-03-30,2014-08-29,3,5
297225,2017-04-20,2017-04-13,1,3
263468,2015-12-18,,7,6
259831,2017-04-13,2014-06-30,5,2
286129,2016-05-18,2016-04-21,1,8
271210,2016-02-12,2014-10-23,9,6
291261,2016-10-30,2016-09-21,1,6
222480,2016-09-24,2014-06-30,2,1
268646,2016-03-13,2014-07-17,2,3
289548,2016-11-20,2016-07-21,4,6
289555,2016-09-17,2016-07-21,1,9
295670,2017-04-29,2017-02-25,2,5
258665,2017-04-14,2014-06-30,2,1
184517,2016-10-22,2014-06-30,1,0
296694,2017-05-02,2017-03-25,1,0
277027,2015-09-29,2015-05-26,4,6
254573,2015-10-09,2014-06-30,0,3
285104,2016-04-29,2016-03-03,2,6
274916,2017-06-21,2015-03-12,6,5
277764,2016-05-16,2015-06-24,9,5
277015,2017-04-06,2015-05-26,5,5
283528,2016-02-05,2016-01-12,0,4
295200,2017-07-25,2017-01-26,10,4
168077,2017-07-16,2014-06-30,0,1
175088,2015-10-20,2014-06-30,1,1
291817,2016-11-22,2016-10-01,1,0
284832,2017-03-12,2016-02-26,1,1
266855,2016-08-24,2014-06-30,6,5
281429,2017-01-11,2015-11-06,4,0
226287,2017-09-08,2014-06-30,0,0
258034,2017-05-16,2014-06-30,2,2
274825,2016-12-31,2015-03-10,3,5
267601,2016-11-18,2014-06-30,2,2
265275,2015-08-21,2014-06-30,1,4
254595,2016-06-30,2014-06-30,2,3
285014,2016-07-02,2016-03-02,3,6
296659,2017-04-14,2017-03-25,1,3
220357,2016-06-29,2014-06-30,5,5
283550,2017-03-14,2016-01-12,10,7
286506,2017-09-08,2016-05-03,11,1
295493,2017-05-08,2017-02-08,3,6
286727,2016-05-25,2016-05-10,1,11
285166,2016-05-04,2016-03-03,2,4
255003,2015-12-29,2014-06-30,6,5
2308,2016-12-30,2014-06-30,0,0
267442,2016-05-24,2014-06-30,4,2
273544,2015-09-02,2015-01-02,10,13
291630,2016-10-11,2016-09-29,0,8
278105,2016-02-12,2015-07-04,2,5
295656,2017-05-30,2017-02-25,1,5
229352,2016-03-05,2014-06-30,3,3
285923,2016-06-10,2016-04-08,3,5
266625,2016-10-30,2014-06-30,4,5
186680,2016-02-27,2014-06-30,1,4
269491,2016-09-24,2014-08-29,8,8
277965,2015-07-10,2015-07-03,1,5
88979,2015-09-08,2014-06-30,1,3
300308,2017-09-07,2017-08-16,1,0
290189,2016-12-22,2016-08-06,5,13
119295,2015-10-17,,2,1
275610,2016-09-29,2015-04-10,1,1
127626,2016-05-28,2014-06-30,1,4
4427,2016-05-02,2014-06-30,0,0
222993,2017-08-03,2014-06-30,1,0
290355,2016-11-30,2016-08-16,2,6
268047,2015-09-12,,8,6
292315,2017-09-07,2016-10-20,5,1
297971,2017-05-17,2017-05-06,0,3
283291,2016-02-26,2015-12-30,1,0
261153,2017-07-29,2014-06-30,2,0
260932,2015-10-15,2014-06-30,4,3
298634,2017-09-07,2017-05-26,4,1
252627,2017-08-31,2014-06-30,17,3
285092,2016-04-10,2016-03-03,1,3
281707,2016-12-14,2015-11-18,4,5
238586,2017-07-16,2014-06-30,0,1
272318,2015-12-16,2014-11-25,5,4
287639,2016-07-01,2016-05-27,1,7
279045,2016-05-11,2015-09-23,6,5
247987,2016-12-08,2014-06-30,6,5
152037,2016-11-18,2014-06-30,0,0
163814,2016-11-18,2014-06-30,3,1
283208,2016-09-15,2015-12-26,2,2
276489,2015-08-21,2015-05-12,2,18
181631,2015-10-21,2014-06-30,4,3
290354,2016-11-20,2016-08-16,4,34
236941,2015-09-08,2014-06-30,0,1
241466,2017-06-07,2014-06-30,5,3
290978,2016-10-30,2016-09-08,2,1
267351,2015-08-07,2014-06-30,6,4
298057,2017-07-29,2017-05-09,3,2
191856,2017-01-28,2014-06-30,0,1
283555,2017-03-14,2016-01-12,6,9
293168,2017-01-15,2016-11-25,1,3
144643,2016-05-18,2014-06-30,8,5
285153,2016-04-19,2016-03-03,2,4
272640,2015-11-15,2014-12-05,1,2
300321,2017-09-23,2017-08-17,3,0
291989,2017-01-29,2016-10-13,5,4
174414,2015-09-08,2014-06-30,0,1
281447,2017-02-19,2015-11-10,2,1
184225,2015-09-12,2014-06-30,13,6
293789,2017-01-24,2016-12-08,2,3
290407,2017-02-13,2016-08-19,10,8
296602,2017-09-07,2017-03-23,6,1
290641,2017-08-31,2016-08-26,3,1
250779,2016-11-18,2014-06-30,3,6
202109,2016-05-01,2014-06-30,1,1
270848,2017-01-28,2014-10-09,5,3
271215,2016-04-17,2014-10-23,8,4
56549,2016-03-30,,3,4
277030,2017-06-03,2015-05-26,13,11
294594,2017-02-04,2017-01-04,0,7
222509,2017-08-05,2014-06-30,4,0
281410,2016-12-31,2015-11-06,3,7
274336,2016-06-15,2015-02-18,15,9
268587,2016-06-06,2014-07-17,1,1
6568,2016-05-31,2014-06-30,1,3
288754,2016-08-24,2016-06-24,1,3
279670,2017-04-30,2015-10-06,4,2
281437,2017-06-24,2015-11-10,2,1
246647,2016-08-24,2014-06-30,0,1
266271,2017-09-07,2014-06-30,5,0
279868,2016-04-10,2015-10-08,4,6
285831,2016-10-27,2016-04-02,6,7
142144,2016-09-25,2014-06-30,4,6
276331,2016-04-15,2015-05-09,0,4
116351,2015-09-02,2014-06-30,1,0
202174,2015-09-08,2014-06-30,1,2
209054,2015-11-10,2014-06-30,0,2
208477,2017-07-29,2014-06-30,3,1
279143,2016-10-23,2015-09-23,11,5
295294,2017-03-14,2017-02-07,1,1
283299,2016-08-29,2016-01-05,6,8
295491,2017-03-08,2017-02-08,1,1
190138,2016-12-31,2014-06-30,2,3
281353,2017-07-29,2015-11-06,3,1
296596,2017-03-29,2017-03-23,0,5
291603,2016-12-15,2016-09-29,3,4
281442,2016-11-10,2015-11-10,2,3
189524,2015-12-29,2014-06-30,2,3
231235,2017-09-08,2014-06-30,6,1
294997,2017-07-20,2017-01-21,2,2
272548,2015-11-14,2014-12-04,3,7
249358,2017-01-11,2014-06-30,0,2
160515,2015-09-17,2014-06-30,1,0
297435,2017-08-31,2017-04-26,4,1
213429,2017-08-31,2014-06-30,22,5
271550,2016-05-14,2014-11-06,7,7
287875,2016-08-06,2016-06-01,1,6
267428,2015-09-12,2014-06-30,5,2
296569,2017-08-29,2017-03-23,7,0
265676,2017-08-08,2014-06-30,2,0
288368,2016-06-25,2016-06-14,0,5
213697,2016-05-20,2014-06-30,3,0
191171,2015-09-12,2014-06-30,2,2
294583,2017-03-11,2017-01-04,4,6
277293,2015-09-12,2015-06-05,2,2
298616,2017-07-15,2017-05-26,1,5
240969,2017-01-11,2014-06-30,6,4
294648,2017-03-03,2017-01-04,2,6
296754,2017-03-29,2017-03-25,0,6
296587,2017-05-12,2017-03-23,1,1
185016,2017-06-23,2014-06-30,2,3
287520,2016-06-13,2016-05-25,1,8
299873,2017-08-04,2017-07-11,1,1
285133,2016-04-03,2016-03-03,1,8
214402,2017-03-01,2014-06-30,5,6
286087,2016-08-24,2016-04-20,3,7
172445,2015-09-02,2014-06-30,0,3
289141,2016-12-23,2016-07-06,5,3
289493,2016-07-22,2016-07-19,2,5
295786,2017-03-19,2017-03-01,1,11
282837,2016-01-12,2015-12-12,1,7
209449,2016-10-04,2014-06-30,2,0
297996,2017-07-27,2017-05-06,2,0
271256,2016-06-06,2014-10-23,4,2
285209,2016-04-03,2016-03-03,1,3
271225,2016-06-25,2014-10-23,0,1
265447,2016-05-20,2014-06-30,4,3
295913,2017-04-27,2017-03-10,1,9
285160,2016-04-03,2016-03-03,2,7
278466,2015-11-04,2015-07-17,3,18
292974,2017-03-15,2016-11-18,3,6
248155,2017-01-28,2014-06-30,1,0
266066,2017-07-20,2014-06-30,2,1
297087,2017-07-29,2017-04-07,6,2
258468,2016-02-11,2014-06-30,5,3
113503,2015-07-10,2014-06-30,2,0
148021,2016-05-28,2014-06-30,1,2
297158,2017-08-25,2017-04-11,8,1
223006,2017-07-29,2014-06-30,1,1
295004,2017-09-08,2017-01-21,3,0
123640,2016-05-18,2014-06-30,3,0
203710,2015-09-17,2014-06-30,1,1
286415,2016-06-14,2016-04-29,1,9
183768,2016-12-02,2014-06-30,0,5
231209,2017-03-22,2014-06-30,6,5
282359,2016-02-26,2015-12-02,1,3
243703,2016-01-18,2014-06-30,4,3
273670,2015-07-31,2015-01-10,9,11
255569,2017-01-10,2014-06-30,3,3
278489,2016-07-19,2015-07-17,6,3
287504,2016-06-13,2016-05-25,1,5
258470,2015-10-23,2014-06-30,1,4
289777,2016-11-10,2016-07-28,3,0
268574,2017-01-16,2014-07-17,11,4
288571,2016-08-09,2016-06-17,5,7
201738,2016-05-13,2014-06-30,4,3
285085,2016-03-29,2016-03-03,1,6
296650,2017-04-19,2017-03-25,1,4
151110,2016-03-12,2014-06-30,3,0
205659,2016-06-11,2014-06-30,2,1
163314,2015-09-12,2014-06-30,0,3
265392,2016-06-08,2014-06-30,7,6
280525,2016-10-28,2015-10-20,1,0
282628,2016-06-06,2015-12-05,4,2
187211,2015-11-05,2014-06-30,1,1
140477,2016-09-15,2014-06-30,3,3
298623,2017-09-07,2017-05-26,1,1
298032,2017-06-11,2017-05-06,2,5
280374,2016-02-05,2015-10-16,2,3
276373,2017-04-11,2015-05-09,5,5
288565,2016-10-27,2016-06-17,6,7
219278,2016-06-21,2014-06-30,0,0
292967,2016-12-09,2016-11-18,1,10
287690,2016-10-07,2016-05-28,5,6
266252,2017-09-07,2014-06-30,1,1
175365,2016-08-29,2014-06-30,2,4
293347,2017-01-01,2016-11-29,1,1
279074,2015-12-16,2015-09-23,5,5
289066,2016-08-24,2016-07-05,2,7
290958,2016-10-18,2016-09-08,1,9
228112,2017-08-25,2014-06-30,2,1
288392,2016-07-11,2016-06-14,1,4
213410,2017-06-24,2014-06-30,3,1
292959,2017-01-01,2016-11-18,2,6
299888,2017-08-21,2017-07-11,2,1
162369,2015-08-23,2014-06-30,2,4
192678,2016-11-18,2014-06-30,0,2
277535,2015-09-02,2015-06-12,1,5
291300,2016-10-30,2016-09-21,1,11
288481,2016-06-24,2016-06-14,1,3
277120,2016-05-18,2015-05-30,16,12
152039,2016-11-18,2014-06-30,0,0
209508,2015-09-29,2014-06-30,1,0
262717,2016-10-29,2014-06-30,4,1
285354,2016-09-04,2016-03-10,9,8
290714,2017-07-02,2016-08-31,8,5
277580,2015-10-24,2015-06-19,8,47
268525,2017-05-30,2014-07-16,5,6
290930,2016-10-18,2016-09-08,1,4
292428,2017-02-28,2016-10-27,8,8
285334,2016-06-28,2016-03-10,5,8
278141,2016-02-12,2015-07-04,1,4
249692,2015-09-15,2014-06-30,2,3
206114,2015-07-31,2014-06-30,10,11
229070,2015-09-12,2014-06-30,3,5
278486,2015-09-17,2015-07-17,2,22
286448,2016-06-14,2016-04-29,1,7
285098,2016-03-29,2016-03-03,1,4
276711,2016-11-07,2015-05-21,3,1
286379,2017-03-13,2016-04-28,11,3
232161,2015-09-23,2014-06-30,3,0
246703,2017-03-15,2014-06-30,4,7
281393,2016-05-03,2015-11-06,6,3
182727,2015-11-04,2014-06-30,0,1
274074,2016-02-11,2015-01-28,8,6
290300,2016-11-04,2016-08-16,5,23
282331,2016-07-10,2015-12-02,6,8
273973,2015-11-25,2015-01-22,3,3
4342,2017-07-21,2014-06-30,2,1
263427,2015-09-12,2014-06-30,15,16
283201,2015-12-29,2015-12-26,0,7
263433,2017-05-23,2014-06-30,6,3
263495,2016-08-24,2014-06-30,6,3
209036,2016-05-17,2014-06-30,3,5
276664,2016-04-14,2015-05-21,4,0
295651,2017-03-21,2017-02-25,1,4
268070,2015-07-31,2014-07-04,6,2
285514,2016-04-12,2016-03-12,1,5
286154,2016-06-06,2016-04-21,1,4
285212,2016-04-03,2016-03-03,1,2
123626,2017-07-16,2014-06-30,2,1
295535,2017-06-29,2017-02-08,3,4
291265,2016-10-30,2016-09-21,2,12
274793,2016-08-01,2015-03-10,5,6
9187,2015-09-12,2014-06-30,0,0
292962,2017-04-08,2016-11-18,4,2
274800,2015-08-23,2015-03-10,4,2
274215,2015-11-17,2015-02-12,5,6
182914,2015-09-12,2014-06-30,1,1
295284,2017-03-14,2017-02-07,1,1
290173,2016-09-20,2016-08-06,1,2
296629,2017-04-10,2017-03-25,1,4
282655,2016-11-18,2015-12-05,4,2
159898,2015-09-17,2014-06-30,1,4
162722,2015-11-28,2014-06-30,42,37
267468,2015-11-14,2014-06-30,1,1
215652,2017-07-16,2014-06-30,7,2
290193,2017-07-29,2016-08-06,13,3
195188,2015-09-09,2014-06-30,2,4
290315,2017-03-03,2016-08-16,6,6
289495,2016-08-11,2016-07-19,1,17
183439,2015-10-23,2014-06-30,2,2
277795,2015-12-16,2015-06-24,2,1
283276,2016-02-09,2015-12-30,1,6
270941,2015-07-10,2014-10-10,6,4
294639,2017-02-27,2017-01-04,2,13
175207,2017-07-16,2014-06-30,1,1
279846,2016-02-24,2015-10-08,1,4
299864,2017-08-10,2017-07-11,0,0
246638,2015-06-24,2014-06-30,1,1
287780,2016-08-24,2016-05-28,1,7
298693,2017-09-13,2017-05-27,5,1
265806,2017-01-11,2014-06-30,0,0
285544,2016-05-26,2016-03-17,6,9
285208,2016-04-10,2016-03-03,1,4
266344,2015-07-31,2014-06-30,7,5
283560,2017-03-14,2016-01-12,4,7
199299,2016-04-05,2014-06-30,1,1
268925,2016-05-20,2014-08-02,8,7
294663,2017-01-24,2017-01-04,0,11
282317,2017-02-12,2015-12-02,5,4
53414,2017-01-04,2014-06-30,2,2
249562,2016-09-16,2014-06-30,0,1
273133,2015-06-25,2014-12-18,0,3
263237,2017-08-24,2014-06-30,1,0
229849,2017-02-05,2014-06-30,4,2
293913,2017-04-07,2016-12-08,1,2
273413,2015-06-24,2014-12-20,5,5
291705,2017-07-16,2016-10-01,1,0
294615,2017-01-30,2017-01-04,1,8
197167,2017-08-29,2014-06-30,30,2
284865,2017-05-31,2016-02-26,2,0
294328,2017-03-11,2016-12-23,0,2
279387,2017-04-21,2015-10-01,6,2
220922,2016-04-22,2014-06-30,3,2
246714,2017-08-02,2014-06-30,1,0
267484,2016-02-21,2014-06-30,3,0
72156,2015-07-04,,0,0
289121,2017-03-27,2016-07-06,4,1
181474,2016-08-29,2014-06-30,0,0
220531,2017-05-22,2014-06-30,3,5
290819,2016-11-06,2016-09-02,2,1
219290,2016-02-21,2014-06-30,2,0
251415,2017-07-09,2014-06-30,4,2
267537,2017-04-01,2014-06-30,1,0
265571,2017-08-31,2014-06-30,17,3
158475,2017-06-09,2014-06-30,1,2
287559,2017-07-16,2016-05-25,3,2
292434,2017-07-06,2016-10-27,9,3
235095,2016-01-08,2014-06-30,4,4
92941,2016-05-18,2014-06-30,4,1
208748,2015-09-12,2014-06-30,0,0
136688,2016-09-09,2014-06-30,5,4
248319,2017-05-16,2014-06-30,2,2
283533,2016-05-24,2016-01-12,6,3
270323,2015-07-04,,0,0
264961,2016-02-11,2014-06-30,5,4
238695,2017-09-07,2014-06-30,0,1
254610,2016-03-24,2014-06-30,0,0
124889,2016-05-18,2014-06-30,4,3
291333,2016-10-30,2016-09-22,1,7
298015,2017-06-11,2017-05-06,1,0
80446,2017-08-25,2014-06-30,2,1
238161,2017-06-19,2014-06-30,8,4
255845,2016-06-16,2014-06-30,4,2
254641,2015-10-04,2014-06-30,4,1
240727,2017-09-10,2014-06-30,2,0
283691,2016-01-23,2016-01-14,0,8
288473,2016-07-07,2016-06-14,1,2
291823,2016-11-22,2016-10-01,1,2
291761,2017-05-03,2016-10-01,3,3
264241,2016-04-13,2014-06-30,15,11
292950,2016-11-28,2016-11-18,1,6
288581,2016-08-09,2016-06-17,1,11
152041,2016-11-18,2014-06-30,0,0
289789,2016-10-11,2016-07-28,2,2
296686,2017-04-19,2017-03-25,1,4
285223,2016-05-17,2016-03-03,3,0
239093,2016-04-07,2014-06-30,3,3
69775,2016-07-16,2014-06-30,2,1
283391,2016-05-20,2016-01-08,4,4
291751,2016-10-27,2016-10-01,1,4
293381,2017-07-16,2016-11-29,8,1
298027,2017-05-17,2017-05-06,0,3
290329,2016-11-20,2016-08-16,3,6
193918,2015-09-11,2014-06-30,0,3
285149,2016-04-02,2016-03-03,2,7
290428,2016-10-13,2016-08-19,1,4
300556,2017-09-14,2017-08-26,0,1
267440,2017-07-16,2014-06-30,1,1
279405,2016-12-17,2015-10-01,3,4
170374,2015-10-14,2014-06-30,1,0
170618,2017-07-16,2014-06-30,2,1
274006,2016-04-02,2015-01-28,5,1
251746,2015-09-02,2014-06-30,0,0
264910,2015-09-12,2014-06-30,5,5
230326,2017-07-30,2014-06-30,2,3
234543,2017-03-18,2014-06-30,7,5
287227,2016-06-28,2016-05-24,3,10
208109,2017-07-30,2014-06-30,2,0
246944,2017-06-16,2014-06-30,1,0
256601,2017-05-31,2014-06-30,5,2
291628,2016-10-22,2016-09-29,1,5
198459,2017-07-21,2014-06-30,0,1
287767,2017-07-29,2016-05-28,4,0
290347,2016-11-20,2016-08-16,2,7
241013,2015-12-16,2014-06-30,5,1
252853,2016-01-23,2014-06-30,4,3
274835,2016-10-22,2015-03-10,5,5
201834,2016-05-20,2014-06-30,0,0
142420,2015-11-17,2014-06-30,0,4
7518,2017-09-05,2014-06-30,0,0
286878,2017-03-18,2016-05-12,3,2
197703,2017-08-31,2014-06-30,12,3
277013,2016-10-22,2015-05-26,1,4
258504,2015-07-31,2014-06-30,4,4
296752,2017-04-04,2017-03-25,1,3
259070,2017-02-17,2014-06-30,7,4
165698,2017-09-07,2014-06-30,1,0
213982,2016-11-30,2014-06-30,37,23
278481,2017-07-11,2015-07-17,1,1
247719,2016-11-18,2014-06-30,1,3
239149,2016-10-12,2014-06-30,7,10
252926,2015-09-02,2014-06-30,1,2
263029,2015-09-29,2014-06-30,8,5
192265,2016-02-25,2014-06-30,1,0
289112,2017-08-25,2016-07-06,2,0
67307,2016-12-02,2014-06-30,0,0
187855,2016-11-18,2014-06-30,2,2
284852,2016-06-14,2016-02-26,4,4
274019,2015-07-16,2015-01-28,4,1
249269,2016-10-18,2014-06-30,2,4
272456,2017-04-25,2014-11-28,0,0
283284,2016-03-16,2015-12-30,3,4
282534,2016-03-23,2015-12-05,0,6
268590,2016-06-27,2014-07-17,2,2
246384,2015-07-08,2014-06-30,3,5
294919,2017-01-30,2017-01-18,1,2
272434,2015-10-26,2014-11-28,5,4
298514,2017-09-09,2017-05-20,2,0
286834,2016-09-26,2016-05-12,5,6
239950,2016-05-20,2014-06-30,3,2
197284,2016-03-13,2014-06-30,3,5
281369,2017-09-04,2015-11-06,3,0
252288,2017-09-08,2014-06-30,1,0
281487,2016-04-20,2015-11-12,5,6
269795,2015-09-08,2014-09-11,10,6
273291,2015-10-17,2014-12-19,10,48
273916,2016-12-01,2015-01-21,9,14
274327,2015-07-16,2015-02-18,12,16
229147,2017-07-16,2014-06-30,1,0
256674,2016-01-23,2014-06-30,6,7
297134,2017-08-31,2017-04-11,5,2
287326,2017-02-12,2016-05-25,1,0
288432,2016-07-07,2016-06-14,1,6
281943,2016-02-23,2015-11-21,4,0
260294,2017-02-11,2014-06-30,3,3
256730,2016-06-21,2014-06-30,0,0
66423,2016-11-25,2014-06-30,2,2
257040,2015-09-12,2014-06-30,3,1
267446,2017-07-16,2014-06-30,1,0
173411,2017-02-05,2014-06-30,1,6
286290,2017-07-05,2016-04-23,4,3
288388,2016-07-12,2016-06-14,1,2
279911,2016-03-24,2015-10-08,6,0
164487,2016-08-28,2014-06-30,4,2
296892,2017-04-26,2017-04-06,1,7
244328,2015-06-24,2014-06-30,4,4
193969,2015-10-15,2014-06-30,4,5
268816,2015-10-24,2014-07-25,15,36
299928,2017-09-11,2017-07-11,2,0
235269,2017-07-11,2014-06-30,1,0
256659,2015-07-10,2014-06-30,5,8
256679,2016-03-13,2014-06-30,3,4
17070,2017-07-16,2014-06-30,2,0
295025,2017-04-29,2017-01-21,3,5
277585,2015-06-25,2015-06-19,0,4
296664,2017-06-11,2017-03-25,3,1
290337,2016-11-20,2016-08-16,4,5
281248,2016-01-15,2015-11-06,2,4
295741,2017-09-07,2017-02-28,7,1
300320,2017-09-11,2017-08-17,1,0
215783,2017-07-16,2014-06-30,3,1
213414,2016-10-18,2014-06-30,2,2
282523,2016-03-24,2015-12-05,2,2
248130,2015-10-14,2014-06-30,2,1
282653,2017-08-08,2015-12-05,4,1
290305,2016-10-11,2016-08-16,1,5
270857,2017-03-30,2014-10-09,5,2
281270,2016-06-22,2015-11-06,5,3
283538,2016-05-24,2016-01-12,2,4
235865,2017-07-29,2014-06-30,5,0
130022,2015-09-04,2014-06-30,2,7
272628,2015-11-14,2014-12-05,1,2
231416,2016-05-31,2014-06-30,3,2
280344,2017-07-05,2015-10-16,1,3
227142,2016-08-29,2014-06-30,0,2
116896,2016-08-29,2014-06-30,1,0
282319,2017-02-12,2015-12-02,6,1
227381,2015-09-12,2014-06-30,2,3
260699,2017-07-11,2014-06-30,2,0
192007,2016-03-24,2014-06-30,0,0
40956,2015-09-15,2014-06-30,1,0
284715,2017-09-07,2016-02-25,11,1
192435,2015-09-12,2014-06-30,3,1
285538,2016-05-04,2016-03-17,1,9
285002,2016-04-09,2016-03-02,0,6
184912,2015-09-04,2014-06-30,0,0
295551,2017-04-29,2017-02-08,2,5
273340,2017-05-23,2014-12-19,3,0
279596,2016-05-03,2015-10-06,2,3
291724,2016-10-12,2016-10-01,0,5
206039,2016-03-30,2014-06-30,0,3
272475,2016-11-18,2014-11-29,3,2
265845,2016-04-28,2014-06-30,6,4
277561,2016-01-12,2015-06-12,3,2
229782,2017-07-29,2014-06-30,2,0
255825,2017-05-03,2014-06-30,0,0
266694,2017-09-02,2014-06-30,5,0
293228,2017-02-23,2016-11-25,2,6
272576,2016-01-23,2014-12-04,3,5
295919,2017-05-20,2017-03-10,3,3
286840,2016-09-08,2016-05-12,2,7
272209,2015-09-12,2014-11-21,9,11
277242,2015-10-02,2015-06-04,5,10
182329,2016-08-24,2014-06-30,3,2
289104,2017-07-30,2016-07-06,8,2
299100,2017-07-29,2017-06-14,2,2
279941,2016-01-06,2015-10-08,3,3
275284,2016-03-08,2015-03-31,24,44
258055,2017-08-30,2014-06-30,2,0
295806,2017-03-29,2017-03-03,0,9
299983,2017-08-01,2017-07-11,1,0
281931,2017-01-11,2015-11-21,3,4
269677,2016-04-29,2014-09-06,2,2
12168,2015-09-08,2014-06-30,0,0
252623,2017-02-23,2014-06-30,13,12
200979,2015-09-10,2014-06-30,1,3
262582,2015-07-10,2014-06-30,4,5
220802,2017-07-30,2014-06-30,1,1
295918,2017-05-20,2017-03-10,2,8
282320,2017-02-12,2015-12-02,6,4
290184,2016-11-23,2016-08-06,3,4
291499,2016-12-24,2016-09-27,4,2
284630,2016-11-14,2016-02-13,6,5
207546,2016-02-09,,4,2
295911,2017-07-15,2017-03-10,7,4
289538,2017-03-29,2016-07-21,7,13
250297,2016-10-29,2014-06-30,5,4
286751,2017-01-19,2016-05-10,2,3
291717,2017-01-18,2016-10-01,5,5
292987,2017-07-20,2016-11-18,1,1
286518,2017-07-16,2016-05-03,5,1
290042,2017-01-10,2016-08-06,3,9
253823,2017-05-06,2014-06-30,1,0
256575,2015-10-04,2014-06-30,10,9
92149,2015-09-12,2014-06-30,0,1
184237,2016-10-10,2014-06-30,2,7
277011,2015-12-15,2015-05-26,12,16
278475,2016-10-22,2015-07-17,7,6
296644,2017-05-17,2017-03-25,0,3
226841,2017-07-16,2014-06-30,1,1
282609,2016-12-28,2015-12-05,7,8
275056,2015-11-20,2015-03-18,5,7
82931,2015-10-01,2014-06-30,0,1
287214,2016-09-09,2016-05-24,5,9
135287,2016-05-28,2014-06-30,2,3
282626,2016-03-24,2015-12-05,3,4
270923,2016-04-26,2014-10-10,11,7
287557,2017-07-16,2016-05-25,3,3
289551,2017-06-02,2016-07-21,8,3
288590,2016-08-09,2016-06-17,1,11
287580,2016-12-24,2016-05-26,11,11
268683,2016-01-27,2014-07-23,11,10
276472,2017-05-13,2015-05-12,22,19
137230,2015-11-14,2014-06-30,0,2
297094,2017-06-27,2017-04-07,4,5
47201,2016-10-26,2014-06-30,1,0
286370,2016-08-03,2016-04-28,7,6
264980,2017-07-16,2014-06-30,2,1
290267,2016-11-16,2016-08-16,2,5
137249,2017-04-05,2014-06-30,3,5
162186,2016-12-24,2014-06-30,0,2
285156,2016-03-23,2016-03-03,0,4
287786,2016-08-24,2016-05-28,2,7
296637,2017-04-10,2017-03-25,1,4
245803,2017-02-12,2014-06-30,2,0
287560,2017-07-16,2016-05-25,3,2
286713,2017-07-29,2016-05-10,5,0
281329,2017-05-10,2015-11-06,2,2
293831,2017-02-19,2016-12-08,4,3
277247,2015-08-08,2015-06-04,2,4
189781,2016-02-17,2014-06-30,6,6
260507,2017-08-04,2014-06-30,6,2
12203,2017-02-05,2014-06-30,0,0
210879,2017-01-06,2014-06-30,6,0
286346,2017-08-04,2016-04-28,6,0
291711,2017-01-01,2016-10-01,2,9
289179,2016-11-13,2016-07-06,1,1
282547,2016-02-24,2015-12-05,1,3
289197,2016-08-17,2016-07-06,2,3
245232,2017-06-12,2014-06-30,1,1
107293,2017-03-05,2014-06-30,1,1
292382,2016-12-31,2016-10-25,1,6
269036,2016-09-20,2014-08-07,4,3
92581,2016-05-29,2014-06-30,4,4
267268,2017-09-06,2014-06-30,2,1
229205,2016-10-22,2014-06-30,4,3
1923487,2016-04-27,,0,0
289500,2016-11-05,2016-07-19,4,5
131169,2016-08-09,2014-06-30,1,0
283674,2016-02-03,2016-01-14,1,7
285115,2017-07-16,2016-03-03,0,0
283288,2017-07-29,2015-12-30,6,1
262587,2016-12-11,2014-06-30,9,11
264627,2017-07-29,2014-06-30,1,0
297766,2017-05-13,2017-05-02,0,1
275060,2016-03-05,2015-03-18,19,14
236919,2016-03-20,2014-06-30,1,5
252950,2016-11-18,2014-06-30,5,2
203889,2016-08-18,2014-06-30,3,2
299059,2017-06-25,2017-06-14,0,1
206433,2017-07-16,2014-06-30,1,2
232594,2017-07-11,2014-06-30,1,0
186958,2015-10-10,2014-06-30,2,0
257804,2015-12-04,2014-06-30,2,0
286960,2017-08-10,2016-05-17,5,2
277797,2016-12-02,2015-06-24,4,3
287643,2016-12-31,2016-05-27,7,3
290330,2016-11-20,2016-08-16,3,6
277258,2015-09-17,2015-06-05,4,0
214568,2015-09-02,2014-06-30,2,2
269031,2015-11-24,2014-08-07,4,4
153545,2016-12-13,2014-06-30,18,26
298194,2017-06-01,2017-05-11,0,4
224500,2017-03-08,2014-06-30,3,3
246630,2016-11-03,2014-06-30,2,5
295909,2017-05-20,2017-03-10,2,6
298860,2017-08-17,2017-06-08,3,1
178926,2015-09-09,2014-06-30,2,1
296632,2017-04-10,2017-03-25,1,2
170778,2015-09-17,2014-06-30,14,12
201963,2015-06-25,2014-06-30,3,3
260720,2016-02-11,2014-06-30,4,3
288452,2016-07-12,2016-06-14,2,5
287640,2016-06-28,2016-05-27,0,12
291799,2017-09-10,2016-10-01,7,0
294590,2017-07-29,2017-01-04,21,5
282564,2016-02-24,2015-12-05,2,7
248317,2016-06-22,2014-06-30,6,4
227399,2016-12-23,2014-06-30,1,0
283556,2016-04-04,2016-01-12,3,5
278078,2015-09-04,2015-07-04,2,4
278306,2015-09-12,2015-07-10,2,3
294538,2017-08-11,2017-01-03,5,2
245437,2016-03-01,2014-06-30,2,2
288596,2016-09-04,2016-06-17,4,11
205973,2016-09-09,2014-06-30,11,7
283559,2017-03-14,2016-01-12,3,6
106584,2017-01-28,2014-06-30,1,0
208508,2015-11-04,2014-06-30,5,4
275693,2015-08-21,2015-04-11,1,4
281283,2016-10-22,2015-11-06,6,4
285169,2017-01-18,2016-03-03,2,0
291621,2016-10-27,2016-09-29,1,4
275611,2015-07-10,2015-04-10,1,5
292953,2017-08-08,2016-11-18,6,2
229712,2017-07-16,2014-06-30,7,3
292801,2016-12-31,2016-11-10,1,10
283733,2016-10-30,2016-01-14,5,7
250782,2016-11-18,2014-06-30,3,3
255433,2017-01-10,2014-06-30,12,8
203874,2016-10-20,2014-06-30,3,3
293791,2017-01-17,2016-12-08,1,5
272466,2017-07-16,2014-11-29,0,0
297779,2017-08-28,2017-05-02,1,1
287793,2016-11-18,2016-05-28,5,0
277582,2017-07-16,2015-06-19,3,0
299564,2017-09-20,2017-06-29,0,0
260749,2016-05-31,2014-06-30,3,4
285479,2016-06-22,2016-03-11,3,6
236337,2016-06-08,2014-06-30,1,1
118841,2016-01-10,2014-06-30,3,0
269202,2016-09-01,2014-08-26,3,2
274086,2016-06-06,2015-01-28,1,1
4063,2016-03-03,2014-06-30,0,1
248856,2017-07-30,2014-06-30,3,1
294745,2017-03-10,2017-01-10,0,2
226873,2015-09-29,2014-06-30,2,0
134826,2016-06-01,2014-06-30,2,2
292015,2017-01-20,2016-10-13,1,5
240300,2017-03-03,2014-06-30,3,3
215976,2017-07-16,2014-06-30,2,1
297969,2017-05-30,2017-05-06,1,3
286953,2016-11-20,2016-05-17,4,5
291294,2016-10-30,2016-09-21,1,8
274026,2015-07-31,2015-01-28,3,3
219276,2015-10-22,2014-06-30,0,1
290936,2016-10-18,2016-09-08,1,4
280300,2016-07-18,2015-10-14,5,3
11407,2017-06-21,2014-06-30,16,9
299814,2017-07-29,2017-07-11,0,0
213797,2015-11-16,2014-06-30,6,6
287208,2016-05-26,2016-05-24,0,5
268226,2017-07-16,2014-07-08,2,0
287616,2016-07-01,2016-05-27,2,10
285210,2016-05-18,2016-03-03,4,5
285163,2016-05-09,2016-03-03,3,2
282645,2017-01-18,2015-12-05,3,0
279879,2015-10-22,2015-10-08,0,5
282041,2015-12-05,2015-11-25,7,36
224572,2017-07-16,2014-06-30,7,1
215788,2016-05-24,2014-06-30,7,5
285730,2016-05-04,2016-03-24,1,4
276377,2015-09-16,2015-05-09,6,4
196258,2015-10-01,2014-06-30,3,5
275719,2015-09-12,2015-04-11,1,1
297981,2017-07-19,2017-05-06,2,4
290937,2016-10-11,2016-09-08,1,6
30875,2015-07-11,2014-06-30,6,3
262301,2017-07-16,2014-06-30,4,0
289170,2017-09-02,2016-07-06,3,0
290992,2017-06-15,2016-09-14,1,2
286174,2017-03-21,2016-04-21,6,4
37406,2016-07-03,2014-06-30,0,0
201621,2017-05-18,2014-06-30,1,1
275626,2015-09-08,2015-04-10,4,6
289228,2016-10-31,2016-07-07,8,8
232628,2016-05-31,2014-06-30,3,2
223134,2015-09-12,2014-06-30,3,4
294601,2017-03-03,2017-01-04,2,5
285191,2016-05-07,2016-03-03,3,6
277753,2016-03-24,2015-06-24,4,3
260653,2016-10-17,2014-06-30,3,5
260912,2017-03-02,2014-06-30,7,7
273546,2015-11-25,2015-01-02,7,5
284926,2017-09-08,2016-03-02,6,0
289077,2016-07-11,2016-07-05,1,3
285127,2016-11-25,2016-03-03,1,0
285188,2016-04-03,2016-03-03,1,5
220583,2015-09-12,2014-06-30,5,2
291485,2016-10-09,2016-09-27,0,3
293894,2017-04-29,2016-12-08,1,3
193185,2017-03-21,2014-06-30,3,0
208888,2017-01-11,2014-06-30,0,5
282346,2016-02-26,2015-12-02,1,0
272638,2015-11-15,2014-12-05,2,2
299952,2017-08-01,2017-07-11,4,3
11266,2016-12-21,2014-06-30,0,0
294569,2017-03-15,2017-01-04,2,10
276668,2015-11-25,2015-05-21,4,4
243661,2016-01-27,2014-06-30,4,6
240719,2016-04-28,2014-06-30,3,3
285948,2016-06-29,2016-04-19,5,0
226388,2016-03-10,,2,0
271910,2015-09-13,2014-11-13,1,0
295277,2017-03-18,2017-02-07,2,8
260325,2016-11-17,2014-06-30,3,4
265376,2016-04-25,2014-06-30,2,2
282931,2016-05-18,2015-12-15,1,4
291788,2016-11-22,2016-10-01,2,3
289773,2016-10-29,2016-07-28,4,6
291783,2017-03-18,2016-10-01,5,5
192332,2017-06-13,2014-06-30,5,1
63643,2017-07-21,2014-06-30,1,1
278581,2017-09-07,2015-08-01,1,0
290243,2017-03-21,2016-08-12,6,6
216926,2015-11-25,2014-06-30,0,3
271233,2017-07-16,2014-10-23,0,1
251998,2015-10-26,2014-06-30,1,2
290724,2017-03-21,2016-08-31,13,7
282543,2016-03-24,2015-12-05,1,0
274447,2016-12-01,2015-02-19,1,2
291719,2016-10-30,2016-10-01,1,5
190782,2015-09-29,,0,0
249544,2017-09-08,2014-06-30,4,0
141833,2017-09-07,2014-06-30,1,1
270681,2016-03-24,2014-10-07,3,8
264925,2017-06-09,2014-06-30,5,3
179119,2016-02-11,2014-06-30,4,7
289192,2016-09-25,2016-07-06,4,6
278802,2017-09-08,2015-09-04,1,0
254061,2015-09-12,2014-06-30,1,5
293275,2016-12-04,2016-11-26,1,5
193546,2015-09-08,2014-06-30,2,0
238597,2017-07-16,2014-06-30,2,3
86902,2015-11-25,2014-06-30,0,0
286048,2016-05-03,2016-04-20,1,2
111159,2015-11-17,2014-06-30,1,1
276705,2016-01-15,2015-05-21,6,4
294628,2017-01-05,2017-01-04,0,8
273424,2017-01-07,2014-12-20,5,1
294154,2017-02-19,2016-12-16,4,8
291084,2017-02-05,2016-09-16,6,10
291291,2016-10-30,2016-09-21,1,7
185146,2017-06-28,2014-06-30,0,3
263419,2015-08-16,2014-06-30,9,4
289126,2016-11-20,2016-07-06,3,2
286059,2016-10-14,2016-04-20,1,0
274046,2015-07-10,2015-01-28,1,4
260980,2016-07-03,2014-06-30,1,0
292965,2017-01-18,2016-11-18,2,0
283258,2016-02-20,2015-12-30,1,4
285159,2016-03-29,2016-03-03,1,4
260415,2016-12-13,2014-06-30,5,5
289223,2016-08-09,2016-07-07,1,5
201959,2015-09-29,2014-06-30,3,6
285226,2016-04-03,2016-03-03,1,6
300324,2017-09-07,2017-08-17,0,1
200635,2017-01-01,2014-06-30,13,7
287403,2016-06-22,2016-05-25,2,19
293360,2016-12-26,2016-11-29,1,1
295323,2017-05-20,2017-02-07,5,8
288399,2016-06-25,2016-06-14,0,5
282680,2016-06-05,2015-12-08,9,6
290928,2016-11-22,2016-09-08,2,4
291805,2016-10-12,2016-10-01,0,6
253343,2016-11-18,2014-06-30,3,3
165012,2015-09-12,2014-06-30,4,1
215806,2016-01-22,2014-06-30,1,1
271032,2015-11-24,2014-10-14,2,2
285445,2016-08-12,2016-03-11,5,13
297149,2017-05-20,2017-04-11,2,7
288593,2016-09-17,2016-06-17,3,7
289765,2016-10-18,2016-07-28,4,5
280794,2015-11-21,2015-10-23,0,5
295814,2017-09-08,2017-03-03,6,0
206035,2016-02-27,,1,6
219573,2016-06-08,2014-06-30,5,1
290213,2016-09-04,2016-08-10,1,3
272532,2017-07-16,2014-12-04,7,2
294579,2017-05-06,2017-01-04,4,5
295698,2017-05-16,2017-02-25,2,1
184357,2016-10-15,2014-06-30,1,7
224590,2016-07-08,,1,1
283302,2016-01-14,2016-01-05,1,8
296929,2017-05-06,2017-04-06,1,4
272641,2016-11-18,2014-12-05,1,3
147510,2015-09-12,2014-06-30,4,1
289067,2016-07-20,2016-07-05,1,5
287230,2016-11-13,2016-05-24,6,3
281397,2016-10-22,2015-11-06,11,5
274070,2016-01-23,2015-01-28,6,5
285154,2016-05-31,2016-03-03,3,3
283229,2016-05-24,2015-12-30,4,2
170044,2015-11-07,2014-06-30,0,1
263502,2016-10-29,2014-06-30,3,0
267348,2015-08-18,2014-06-30,8,4
181912,2015-11-05,2014-06-30,1,2
281323,2017-09-08,2015-11-06,8,0
232589,2017-01-02,2014-06-30,1,1
276749,2017-07-16,2015-05-21,3,1
237296,2017-01-11,2014-06-30,2,0
294253,2017-03-14,2016-12-21,5,11
277203,2015-11-12,2015-06-04,6,7
288466,2016-07-07,2016-06-14,2,5
283517,2016-05-27,2016-01-12,5,4
261589,2017-05-07,2014-06-30,3,2
285142,2016-05-31,2016-03-03,5,3
175699,2017-06-02,2014-06-30,7,0
199773,2016-05-17,2014-06-30,3,5
297907,2017-06-11,2017-05-05,1,1
129938,2017-06-21,2014-06-30,0,1
275554,2015-11-17,2015-04-10,10,8
290728,2016-12-21,2016-08-31,4,4
119937,2015-10-16,2014-06-30,2,0
212652,2017-02-05,2014-06-30,3,3
268647,2016-04-10,2014-07-17,3,2
238153,2017-07-11,2014-06-30,3,2
262355,2016-02-11,2014-06-30,3,6
291827,2016-10-12,2016-10-01,0,4
292592,2017-02-07,2016-11-02,3,7
255516,2016-02-20,2014-06-30,6,2
299820,2017-07-29,2017-07-11,0,1
231461,2015-09-17,2014-06-30,4,0
288438,2016-06-27,2016-06-14,1,5
291049,2017-03-31,2016-09-16,6,5
232671,2016-05-24,2014-06-30,4,4
252285,2017-07-29,2014-06-30,2,1
250902,2017-01-05,2014-06-30,9,5
284629,2016-06-15,2016-02-13,2,6
297905,2017-05-17,2017-05-05,0,4
901,2017-03-21,,0,0
288375,2016-06-27,2016-06-14,1,1
189236,2016-06-14,2014-06-30,20,17
292378,2017-09-22,2016-10-25,6,0
270774,2015-11-25,2014-10-09,1,1
219325,2017-07-16,2014-06-30,1,2
277118,2016-01-28,2015-05-30,6,4
271211,2016-04-10,2014-10-23,1,1
275162,2016-08-28,2015-03-23,5,4
255276,2015-09-02,2014-06-30,6,6
289091,2017-07-29,2016-07-06,8,2
296681,2017-05-17,2017-03-25,1,3
256520,2017-02-23,2014-06-30,17,6
232347,2016-10-22,2014-06-30,0,1
290499,2017-01-24,2016-08-23,4,5
286387,2016-08-09,2016-04-28,2,2
206416,2017-07-16,2014-06-30,1,1
238646,2016-02-09,2014-06-30,0,0
298021,2017-05-17,2017-05-06,0,1
294546,2017-03-11,2017-01-03,0,4
285107,2016-04-28,2016-03-03,1,4
229362,2016-01-15,2014-06-30,2,3
298184,2017-06-23,2017-05-11,1,3
260299,2015-09-10,2014-06-30,1,2
288143,2016-12-08,2016-06-03,2,0
246096,2017-09-07,2014-06-30,2,0
278797,2017-09-09,2015-09-04,2,1
279928,2016-03-24,2015-10-08,4,3
131149,2017-01-28,2014-06-30,1,0
217074,2016-08-28,2014-06-30,4,6
256015,2015-09-16,2014-06-30,3,3
3871,2016-01-28,2014-06-30,0,0
284036,2017-07-19,2016-01-19,4,2
262275,2017-07-16,2014-06-30,2,0
285091,2016-06-10,2016-03-03,2,6
267498,2015-07-10,2014-06-30,5,1
294562,2017-08-09,2017-01-04,13,3
258756,2017-07-16,2014-06-30,9,2
288435,2016-07-11,2016-06-14,2,4
282625,2016-02-11,2015-12-05,1,6
278494,2015-10-24,2015-07-17,2,13
237275,2015-10-13,2014-06-30,1,2
238716,2016-02-02,2014-06-30,0,0
256727,2016-02-11,2014-06-30,3,3
288591,2016-10-24,2016-06-17,4,12
295282,2017-03-29,2017-02-07,2,4
271438,2017-05-05,2014-10-30,0,1
295287,2017-03-29,2017-02-07,2,5
262968,2015-07-10,2014-06-30,2,2
199292,2015-07-31,2014-06-30,1,0
288586,2017-03-04,2016-06-17,8,7
279399,2016-12-01,2015-10-01,4,5
261631,2015-09-12,2014-06-30,3,2
285919,2016-10-21,2016-04-08,6,2
298483,2017-08-10,2017-05-19,1,1
277724,2016-05-24,2015-06-24,3,7
271249,2015-11-15,2014-10-23,1,3
273977,2017-03-27,2015-01-22,2,1
272452,2015-08-13,2014-11-28,3,1
280014,2016-05-31,2015-10-09,2,2
240055,2017-06-02,2014-06-30,3,0
282606,2016-03-24,2015-12-05,3,3
264941,2016-12-08,2014-06-30,7,5
122604,2017-02-19,2014-06-30,1,0
258740,2015-09-29,2014-06-30,0,6
236133,2015-07-31,2014-06-30,5,4
285217,2016-05-17,2016-03-03,4,1
296916,2017-05-02,2017-04-06,2,15
274242,2016-08-24,2015-02-13,4,3
240356,2017-05-16,2014-06-30,1,1
288427,2016-07-26,2016-06-14,1,1
286885,2017-02-12,2016-05-12,4,4
293099,2016-12-09,2016-11-22,1,1
284681,2016-05-26,2016-02-13,4,5
286130,2017-07-12,2016-04-21,11,2
112983,2015-09-12,2014-06-30,3,1
273568,2015-10-08,2015-01-06,1,7
278020,2017-09-02,2015-07-03,5,0
289796,2016-12-21,2016-07-29,4,2
262145,2015-11-11,2014-06-30,2,1
238698,2015-11-25,2014-06-30,3,4
286357,2016-06-14,2016-04-28,3,9
290896,2017-03-10,2016-09-08,0,2
244304,2016-02-11,2014-06-30,3,4
270832,2016-06-30,2014-10-09,5,1
273662,2017-09-23,2015-01-10,3,0
279033,2015-12-26,2015-09-23,2,9
251972,2017-05-07,2014-06-30,5,0
293898,2017-03-28,2016-12-08,1,5
188175,2015-09-08,2014-06-30,0,0
290425,2016-11-23,2016-08-19,3,5
238578,2015-10-01,2014-06-30,2,6
294938,2017-02-17,2017-01-18,1,4
264859,2016-10-21,2014-06-30,2,1
287561,2017-07-16,2016-05-25,3,2
287215,2016-12-28,2016-05-24,8,7
195450,2015-10-03,2014-06-30,3,3
293556,2017-01-13,2016-12-03,0,5
215731,2016-08-29,2014-06-30,5,2
38947,2015-07-08,2014-06-30,0,0
283562,2017-03-14,2016-01-12,4,6
296597,2017-07-29,2017-03-23,4,3
290919,2017-07-20,2016-09-08,1,0
256331,2015-12-29,2014-06-30,2,3
286054,2016-11-09,2016-04-20,2,1
195166,2016-08-18,2014-06-30,5,3
269665,2017-09-07,2014-09-06,3,1
289209,2017-08-24,2016-07-07,3,0
254379,2017-07-16,2014-06-30,3,1
244284,2017-07-16,2014-06-30,1,1
296601,2017-04-18,2017-03-23,1,4
249412,2015-09-18,2014-06-30,4,4
162239,2017-07-16,2014-06-30,2,1
294918,2017-01-30,2017-01-18,1,6
274335,2016-06-14,2015-02-18,2,5
287734,2017-02-19,2016-05-28,1,2
289069,2017-01-20,2016-07-05,8,15
270752,2017-07-13,2014-10-09,4,0
284861,2016-05-21,2016-02-26,3,5
285494,2016-05-26,2016-03-11,3,7
296704,2017-04-12,2017-03-25,1,5
286422,2016-06-23,2016-04-29,3,15
279613,2015-11-20,2015-10-06,1,5
282362,2016-01-12,2015-12-02,1,2
226788,2015-11-11,2014-06-30,6,5
169537,2017-09-08,2014-06-30,1,0
271917,2016-11-18,2014-11-13,3,4
40103,2016-06-13,2014-06-30,0,0
210584,2017-08-31,2014-06-30,18,3
295942,2017-07-02,2017-03-10,5,3
270946,2015-09-23,2014-10-10,4,4
242921,2016-08-29,2014-06-30,0,0
198498,2017-02-05,2014-06-30,3,1
205126,2015-11-10,2014-06-30,4,3
248382,2016-07-04,2014-06-30,1,0
278453,2015-09-02,2015-07-17,1,9
213377,2016-02-05,2014-06-30,2,4
288464,2016-09-11,2016-06-14,6,6
274949,2016-10-27,2015-03-12,4,1
282222,2015-11-28,2015-11-27,0,1
283262,2016-04-12,2015-12-30,3,6
265294,2017-09-07,2014-06-30,3,0
287570,2016-07-04,2016-05-25,1,1
290281,2017-01-13,2016-08-16,4,2
274815,2017-09-08,2015-03-10,3,0
286425,2016-06-22,2016-04-29,2,6
295490,2017-03-13,2017-02-08,1,2
257221,2016-08-24,2014-06-30,4,3
295199,2017-05-20,2017-01-26,8,4
137671,2017-06-02,2014-06-30,5,2
201357,2015-07-31,2014-06-30,5,4
136768,2016-05-18,2014-06-30,8,6
296639,2017-07-16,2017-03-25,1,2
280782,2015-11-21,2015-10-23,0,5
296920,2017-05-02,2017-04-06,2,5
283747,2016-02-23,2016-01-14,1,6
137158,2016-09-15,2014-06-30,3,2
272255,2016-05-08,2014-11-25,4,5
68879,2016-06-11,2014-06-30,0,1
120803,2016-07-26,2014-06-30,2,0
293907,2017-03-21,2016-12-08,1,2
226879,2016-02-05,2014-06-30,3,2
262282,2016-02-11,2014-06-30,5,5
292436,2017-06-16,2016-10-27,9,5
268181,2015-09-29,2014-07-04,3,4
265418,2016-06-14,2014-06-30,12,6
278100,2015-10-15,2015-07-04,1,3
270905,2017-03-21,2014-10-10,6,4
282545,2017-02-19,2015-12-05,7,1
268116,2015-09-04,2014-07-04,10,5
299097,2017-09-09,2017-06-14,3,1
272940,2017-01-24,2014-12-16,1,1
258137,2017-07-29,2014-06-30,1,0
160531,2017-06-07,2014-06-30,5,3
280914,2016-02-07,2015-10-28,2,7
275547,2016-06-01,2015-04-10,9,5
207235,2017-07-29,2014-06-30,6,0
205720,2017-01-17,2014-06-30,0,3
285206,2016-03-23,2016-03-03,0,1
286519,2016-07-07,2016-05-03,3,7
279874,2016-03-24,2015-10-08,5,0
277294,2015-09-26,2015-06-05,0,5
232717,2015-09-08,2014-06-30,2,4
290907,2016-10-30,2016-09-08,2,3
64370,2015-11-07,,3,0
222098,2017-02-17,2014-06-30,3,0
274088,2017-07-16,2015-01-28,3,2
292172,2017-08-31,2016-10-15,5,2
285088,2017-07-13,2016-03-03,1,0
199107,2015-09-11,2014-06-30,0,2
265958,2015-11-24,2014-06-30,14,10
287621,2016-08-09,2016-05-27,2,3
286368,2016-10-14,2016-04-28,12,7
295308,2017-04-01,2017-02-07,2,4
291317,2016-10-30,2016-09-21,2,12
272483,2016-03-05,2014-12-03,5,3
288463,2016-07-12,2016-06-14,2,2
255425,2017-01-10,2014-06-30,7,5
294233,2017-03-15,2016-12-17,1,7
281897,2016-01-13,2015-11-21,3,3
82971,2016-03-17,2014-06-30,6,7
295742,2017-04-16,2017-02-28,1,4
199210,2015-10-27,2014-06-30,3,3
295914,2017-05-20,2017-03-10,2,6
249752,2015-11-16,2014-06-30,2,1
284849,2016-06-08,2016-02-26,5,2
259588,2016-07-24,2014-06-30,11,6
222988,2016-10-04,2014-06-30,2,1
279923,2016-03-24,2015-10-08,9,7
236953,2016-03-30,2014-06-30,8,5
288446,2016-07-07,2016-06-14,2,3
290561,2016-11-10,2016-08-24,3,4
232538,2017-07-29,2014-06-30,0,0
246007,2016-01-23,2014-06-30,2,5
259624,2016-05-31,2014-06-30,5,3
288433,2017-07-16,2016-06-14,4,2
183650,2016-05-13,2014-06-30,1,3
288567,2016-08-08,2016-06-17,3,4
256420,2015-12-11,2014-06-30,0,3
291704,2017-07-16,2016-10-01,2,2
298188,2017-06-09,2017-05-11,2,8
299925,2017-09-20,2017-07-11,2,0
1533,2015-11-25,2014-06-30,2,0
295321,2017-07-16,2017-02-07,6,0
292087,2017-07-16,2016-10-14,0,0
288390,2016-11-12,2016-06-14,5,1
170358,2017-01-05,2014-06-30,3,5
278569,2015-09-08,2015-08-01,0,4
274667,2017-04-14,2015-03-06,3,2
276701,2017-07-20,2015-05-21,4,2
60785,2017-08-25,2014-06-30,1,0
192019,2015-09-12,,1,3
290932,2016-10-09,2016-09-08,2,2
299979,2017-08-04,2017-07-11,1,1
224490,2017-04-29,2014-06-30,4,0
285865,2016-07-07,2016-04-02,2,3
282663,2016-05-18,2015-12-05,3,4
148988,2017-01-13,2014-06-30,2,4
282131,2017-03-15,2015-11-25,6,1
280650,2016-11-25,2015-10-21,1,9
277366,2016-04-05,2015-06-06,1,1
44693,2017-05-16,2014-06-30,1,0
289786,2017-04-25,2016-07-28,2,0
265128,2015-09-12,2014-06-30,2,1
236348,2017-05-16,2014-06-30,2,1
274407,2016-09-11,2015-02-19,4,2
217567,2016-01-07,2014-06-30,2,1
289540,2017-06-23,2016-07-21,18,5
291749,2016-10-21,2016-10-01,1,1
131180,2015-10-29,2014-06-30,2,1
285228,2016-05-25,2016-03-03,2,4
300293,2017-09-13,2017-08-16,1,1
266245,2016-08-11,2014-06-30,7,4
277318,2015-07-10,2015-06-05,1,5
159234,2016-01-16,2014-06-30,2,0
221888,2016-12-08,,5,9
283088,2016-11-13,2015-12-18,4,2
278674,2016-09-15,2015-08-04,10,12
24611,2016-10-13,2014-06-30,1,0
254508,2016-10-21,2014-06-30,1,2
264727,2015-09-02,2014-06-30,7,3
232353,2017-04-07,2014-06-30,3,1
265405,2015-09-04,2014-06-30,3,6
212558,2016-08-29,2014-06-30,2,2
295707,2017-05-04,2017-02-25,4,10
282567,2017-07-16,2015-12-05,2,0
270454,2015-09-04,2014-10-04,2,2
219669,2017-03-02,2014-06-30,6,7
285195,2016-03-24,2016-03-03,1,2
288454,2016-07-19,2016-06-14,1,2
298047,2017-06-11,2017-05-06,1,2
277743,2016-06-14,2015-06-24,3,3
289224,2017-09-13,2016-07-07,7,0
283522,2016-11-11,2016-01-12,8,4
256704,2017-03-15,2014-06-30,3,3
273538,2016-05-31,2015-01-02,4,5
290775,2016-10-22,2016-09-01,1,4
298025,2017-06-11,2017-05-06,1,0
120399,2016-06-01,2014-06-30,1,3
285131,2016-04-10,2016-03-03,1,1
286880,2016-07-07,2016-05-12,1,6
278081,2017-07-29,2015-07-04,3,1
285792,2016-05-14,2016-03-25,0,2
285124,2016-03-29,2016-03-03,1,3
278994,2017-05-10,2015-09-22,1,4
288403,2016-11-22,2016-06-14,5,3
297959,2017-06-30,2017-05-06,1,3
277531,2016-10-21,2015-06-12,0,2
186801,2015-09-12,2014-06-30,1,4
268109,2015-07-31,2014-07-04,7,8
3319,2017-08-04,2014-06-30,0,0
287590,2016-06-28,2016-05-26,1,5
204797,2017-01-11,2014-06-30,2,4
292958,2017-01-01,2016-11-18,2,5
280439,2016-06-06,2015-10-16,2,0
172985,2017-01-28,2014-06-30,2,0
266892,2015-07-03,2014-06-30,6,6
289335,2016-07-18,2016-07-08,1,2
281466,2017-05-22,2015-11-12,6,4
276690,2016-12-26,2015-05-21,2,2
129296,2015-09-08,2014-06-30,0,2
246064,2017-09-08,2014-06-30,0,0
160995,2015-09-12,2014-06-30,1,0
258454,2015-11-05,2014-06-30,2,3
181008,2017-08-29,2014-06-30,1,1
252652,2015-07-31,2014-06-30,6,1
276615,2016-05-01,2015-05-20,19,17
280588,2015-10-29,2015-10-20,2,4
285344,2016-03-24,,1,0
286745,2016-09-14,2016-05-10,4,6
288484,2017-01-18,2016-06-14,5,7
272436,2015-07-31,,2,0
268088,2015-11-17,2014-07-04,5,2
298346,2017-09-07,2017-05-13,1,1
232666,2015-10-01,2014-06-30,3,1
245284,2016-07-20,2014-06-30,3,2
246631,2016-11-03,2014-06-30,1,0
212192,2015-10-13,2014-06-30,1,0
283935,2016-03-26,,0,0
275605,2015-07-31,2015-04-10,6,5
288495,2016-07-07,2016-06-14,2,10
277757,2016-10-28,2015-06-24,3,0
172438,2015-09-12,2014-06-30,0,1
255025,2017-01-11,2014-06-30,4,3
160720,2015-09-12,2014-06-30,1,4
280747,2015-11-21,2015-10-23,0,1
214502,2017-07-16,2014-06-30,4,1
278227,2017-09-08,2015-07-07,1,1
300279,2017-09-09,2017-08-16,3,2
256909,2016-08-28,2014-06-30,4,3
291816,2016-10-30,2016-10-01,1,0
293701,2017-02-01,2016-12-07,2,4
277771,2017-01-16,2015-06-24,7,8
271620,2015-10-03,2014-11-06,2,4
192384,2016-01-28,2014-06-30,1,1
278576,2015-12-17,2015-08-01,4,5
290270,2016-08-23,2016-08-16,0,9
282666,2017-02-04,2015-12-05,2,3
299840,2017-08-10,2017-07-11,0,0
194552,2015-08-27,2014-06-30,1,2
289485,2016-10-31,2016-07-19,6,9
280458,2016-03-30,2015-10-16,3,0
299662,2017-07-28,2017-07-05,1,1
258560,2016-01-06,2014-06-30,8,6
152038,2016-11-18,2014-06-30,0,0
285799,2016-09-08,2016-03-30,10,12
298038,2017-06-11,2017-05-06,1,1
279896,2016-03-24,2015-10-08,5,3
291752,2016-10-12,2016-10-01,0,5
276345,2017-07-29,2015-05-09,3,1
254652,2016-08-29,2014-06-30,2,1
252243,2016-06-13,,5,3
288579,2016-08-09,2016-06-17,3,10
133138,2017-09-07,2014-06-30,0,0
294185,2017-03-13,2016-12-16,3,7
286441,2016-06-17,2016-04-29,1,3
283553,2017-03-14,2016-01-12,4,6
248290,2015-09-12,2014-06-30,0,1
283757,2017-05-17,2016-01-14,9,3
17207,2017-08-04,2014-06-30,1,0
274411,2015-10-24,2015-02-19,2,1
251217,2016-08-28,2014-06-30,0,2
295201,2017-02-19,2017-01-26,2,0
277747,2015-07-10,2015-06-24,0,5
300348,2017-09-12,2017-08-17,1,1
288146,2017-06-20,2016-06-03,6,2
280334,2015-11-13,2015-10-16,2,10
274180,2015-09-12,2015-02-06,2,5
287578,2017-09-07,2016-05-26,3,1
297067,2017-05-13,2017-04-07,2,3
256717,2016-02-11,2014-06-30,6,3
278308,2015-09-04,2015-07-10,2,4
279390,2016-08-15,2015-10-01,21,20
291985,2016-11-20,2016-10-13,1,14
266329,2016-02-21,2014-06-30,6,9
288782,2016-11-25,2016-06-24,6,7
226833,2015-08-21,2014-06-30,0,3
278626,2016-05-11,2015-08-04,4,4
191487,2016-05-18,2014-06-30,1,0
279832,2016-05-27,2015-10-08,6,4
283298,2016-01-21,2016-01-05,1,4
285229,2016-04-03,2016-03-03,1,6
276199,2015-09-02,2015-05-02,1,4
286703,2016-06-08,2016-05-10,1,2
277253,2015-07-10,2015-06-05,1,3
299949,2017-07-27,2017-07-11,1,3
288716,2016-10-21,2016-06-23,1,4
295181,2017-03-08,2017-01-26,1,13
229364,2016-01-28,2014-06-30,1,2
244512,2015-10-17,2014-06-30,8,9
278044,2015-09-19,2015-07-03,0,3
287327,2017-02-12,2016-05-25,0,0
258722,2016-05-18,2014-06-30,3,7
279774,2017-03-11,2015-10-06,1,0
56917,2017-01-11,2014-06-30,0,2
277755,2016-03-24,2015-06-24,5,2
298014,2017-08-21,2017-05-06,3,0
299916,2017-08-04,2017-07-11,1,1
295750,2017-07-29,2017-02-28,4,1
289800,2016-12-08,2016-07-29,3,6
40274,2015-09-17,2014-06-30,0,0
249579,2017-09-12,2014-06-30,2,0
220544,2015-09-12,2014-06-30,5,4
290942,2016-10-30,2016-09-08,2,2
284990,2017-07-21,2016-03-02,2,3
266029,2017-04-29,2014-06-30,2,1
291602,2016-11-11,2016-09-29,1,2
215254,2017-02-17,2014-06-30,0,2
248009,2015-07-10,2014-06-30,3,3
295337,2017-03-08,2017-02-07,1,3
297966,2017-06-11,2017-05-06,2,6
297086,2017-04-20,2017-04-07,0,6
240612,2016-03-23,2014-06-30,3,4
271281,2016-03-24,2014-10-23,2,3
281370,2016-02-12,2015-11-06,2,2
149749,2017-07-19,2014-06-30,2,0
289227,2016-10-31,2016-07-07,8,9
256295,2016-10-27,2014-06-30,4,1
258573,2015-10-22,2014-06-30,6,3
276292,2015-09-18,2015-05-07,7,3
208968,2015-09-30,2014-06-30,2,5
60546,2015-06-24,2014-06-30,0,0
283557,2017-03-14,2016-01-12,4,11
278241,2015-08-07,2015-07-07,1,0
243651,2017-07-29,2014-06-30,2,2
295655,2017-08-01,2017-02-25,5,2
237678,2016-02-05,2014-06-30,0,0
271586,2016-02-20,2014-11-06,6,4
292666,2017-03-02,2016-11-04,3,3
223597,2017-09-07,2014-06-30,1,0
288505,2016-07-26,2016-06-14,1,4
260686,2015-07-10,2014-06-30,0,0
291613,2016-11-26,2016-09-29,1,4
278500,2017-04-06,2015-07-17,18,16
261164,2016-10-21,2014-06-30,3,1
292986,2017-07-20,2016-11-18,1,0
279389,2016-10-26,2015-10-01,9,3
206405,2016-05-31,2014-06-30,2,2
281416,2016-12-28,2015-11-06,3,2
279600,2016-01-05,2015-10-06,4,4
228156,2015-09-09,2014-06-30,0,3
264865,2016-05-20,2014-06-30,2,0
284996,2017-03-20,2016-03-02,4,4
293707,2017-03-14,2016-12-07,4,3
284672,2016-04-20,2016-02-13,3,2
219269,2017-07-16,2014-06-30,1,1
212840,2016-01-06,2014-06-30,2,3
256940,2017-09-08,2014-06-30,0,0
280049,2016-02-12,2015-10-09,4,14
258983,2016-06-29,2014-06-30,4,5
281193,2016-04-13,2015-11-06,5,5
281297,2016-08-09,2015-11-06,2,2
277220,2017-01-26,2015-06-04,3,8
265471,2016-06-08,2014-06-30,2,1
288447,2016-12-26,2016-06-14,2,4
293200,2017-04-21,2016-11-25,3,4
241471,2016-11-25,2014-06-30,0,1
249272,2015-09-04,2014-06-30,5,1
291716,2016-10-30,2016-10-01,1,8
230877,2015-09-29,2014-06-30,0,0
288474,2016-11-07,2016-06-14,2,3
230096,2015-11-25,2014-06-30,0,0
294961,2017-06-09,2017-01-20,8,5
300558,2017-09-14,2017-08-26,0,0
295293,2017-04-01,2017-02-07,1,0
64553,2016-09-29,2014-06-30,0,0
296625,2017-05-17,2017-03-25,1,1
299845,2017-08-10,2017-07-11,1,0
246490,2016-03-24,,1,0
299957,2017-08-01,2017-07-11,1,1
244546,2017-07-29,2014-06-30,0,0
189604,2017-05-10,2014-06-30,4,3
292017,2017-01-20,2016-10-13,2,3
264971,2015-11-14,2014-06-30,1,0
291784,2017-03-15,2016-10-01,4,6
270329,2015-11-21,2014-09-27,3,3
280775,2017-02-14,2015-10-23,4,1
296890,2017-04-26,2017-04-06,1,7
283871,2016-02-20,2016-01-15,1,5
268634,2016-03-23,2014-07-17,4,3
255550,2017-07-16,2014-06-30,0,0
208120,2017-01-28,2014-06-30,0,1
298212,2017-06-25,2017-05-11,0,3
281247,2016-01-15,2015-11-06,2,3
246361,2015-07-10,2014-06-30,0,3
294151,2017-03-07,2016-12-16,3,10
233167,2017-04-21,2014-06-30,0,1
193410,2015-09-17,2014-06-30,0,3
285513,2016-04-12,2016-03-12,1,2
300042,2017-08-25,2017-07-11,1,1
268598,2016-02-11,2014-07-17,6,4
1706,2015-11-25,2014-06-30,0,0
203416,2015-09-12,2014-06-30,55,46
277917,2015-08-21,2015-07-02,2,2
209017,2017-07-16,2014-06-30,1,1
126110,2015-07-11,2014-06-30,2,1
298024,2017-06-11,2017-05-06,1,2
292611,2016-11-16,2016-11-03,0,8
287623,2016-06-05,2016-05-27,1,7
286102,2016-07-07,2016-04-21,3,3
289792,2016-08-21,2016-07-29,1,5
299906,2017-07-27,2017-07-11,1,0
198497,2017-02-05,2014-06-30,1,3
232595,2017-07-11,2014-06-30,1,0
218962,2015-11-25,2014-06-30,1,2
227404,2017-09-14,2014-06-30,5,0
288445,2016-12-16,2016-06-14,5,4
296658,2017-04-14,2017-03-25,1,3
139662,2015-09-12,2014-06-30,2,1
264703,2016-10-18,2014-06-30,4,5
294935,2017-02-17,2017-01-18,1,3
277210,2016-01-16,2015-06-04,4,5
125708,2017-03-27,2014-06-30,13,8
288461,2016-07-07,2016-06-14,1,7
247780,2016-08-29,2014-06-30,3,5
293324,2016-12-26,2016-11-29,1,4
288411,2016-11-22,2016-06-14,3,2
206507,2016-06-21,2014-06-30,0,1
280684,2016-09-04,2015-10-21,6,8
280071,2015-11-28,2015-10-09,0,2
292019,2017-01-11,2016-10-13,2,1
222425,2016-01-29,2014-06-30,5,4
286442,2016-06-15,2016-04-29,1,1
283089,2016-05-03,2015-12-18,4,3
276380,2016-10-16,2015-05-09,4,4
298196,2017-09-05,2017-05-11,3,0
290268,2017-05-10,2016-08-16,7,5
296638,2017-04-19,2017-03-25,1,2
239447,2015-11-03,2014-06-30,3,4
275411,2015-09-02,2015-04-01,3,7
209772,2016-04-12,2014-06-30,1,1
137417,2016-02-27,2014-06-30,0,0
285119,2017-03-15,2016-03-03,4,6
294972,2017-02-04,2017-01-21,0,5
286153,2016-05-18,2016-04-21,1,5
282383,2016-10-26,2015-12-02,4,1
183523,2017-04-07,2014-06-30,2,0
283551,2017-03-14,2016-01-12,9,4
224614,2016-02-17,2014-06-30,1,1
287408,2016-06-23,2016-05-25,1,6
292554,2017-03-21,2016-10-28,6,1
272921,2017-02-11,2014-12-16,3,2
289111,2016-10-21,2016-07-06,4,3
170665,2015-07-31,2014-06-30,7,8
280496,2016-06-08,2015-10-20,4,0
284823,2016-05-11,2016-02-26,3,0
277185,2017-05-25,2015-06-04,8,3
297050,2017-06-17,2017-04-07,1,3
270837,2017-07-05,2014-10-09,5,6
223752,2017-01-05,2014-06-30,1,1
262718,2015-12-17,2014-06-30,6,10
274402,2016-11-18,2015-02-19,1,2
178152,2017-01-24,2014-06-30,3,4
264510,2016-11-10,2014-06-30,2,3
248077,2016-02-24,2014-06-30,2,5
214118,2016-07-07,2014-06-30,3,0
186685,2016-02-27,2014-06-30,4,7
275561,2015-07-31,2015-04-10,7,7
295739,2017-09-08,2017-02-28,7,0
299960,2017-08-01,2017-07-11,1,2
299269,2017-07-21,2017-06-24,1,3
285027,2017-09-16,2016-03-02,2,1
299963,2017-09-21,2017-07-11,4,0
299936,2017-08-04,2017-07-11,1,1
233181,2015-12-16,2014-06-30,9,5
180475,2015-09-10,2014-06-30,1,2
276682,2016-03-24,2015-05-21,4,4
290729,2017-04-08,2016-08-31,10,8
292009,2016-11-08,2016-10-13,1,6
246700,2017-07-16,2014-06-30,1,0
57645,2017-03-14,2014-06-30,1,0
274221,2016-04-29,2015-02-12,6,7
262484,2015-10-12,2014-06-30,2,1
219174,2015-10-31,,4,1
289138,2016-08-24,2016-07-06,0,6
281588,2016-12-14,2015-11-12,4,4
185575,2016-02-17,2014-06-30,1,1
250283,2016-08-03,2014-06-30,4,4
286421,2016-06-23,2016-04-29,3,11
194000,2016-03-05,2014-06-30,6,6
283905,2017-06-14,2016-01-15,5,3
296700,2017-05-12,2017-03-25,2,2
263117,2016-02-02,2014-06-30,4,3
281221,2016-01-27,2015-11-06,3,9
279890,2017-03-15,2015-10-08,5,4
258501,2016-05-17,2014-06-30,4,1
135853,2015-09-11,2014-06-30,1,1
286902,2016-09-04,2016-05-12,4,3
262757,2016-10-27,2014-06-30,1,1
263201,2016-08-18,2014-06-30,2,3
298040,2017-06-11,2017-05-06,1,0
240018,2015-09-02,2014-06-30,2,3
195835,2015-09-04,2014-06-30,2,2
285099,2016-03-23,2016-03-03,0,11
274222,2016-01-06,2015-02-12,5,2
297123,2017-09-16,2017-04-11,8,1
291747,2016-10-30,2016-10-01,1,8
288589,2016-10-27,2016-06-17,7,4
250383,2017-06-20,2014-06-30,1,0
170375,2015-10-14,2014-06-30,2,2
293914,2017-04-29,2016-12-08,1,3
292435,2017-04-27,2016-10-27,10,10
286501,2016-06-25,2016-05-03,2,8
295941,2017-05-10,2017-03-10,1,6
287364,2017-03-14,2016-05-25,4,6
229280,2015-11-05,2014-06-30,2,3
285459,2016-08-12,2016-03-11,4,8
273415,2015-11-17,2014-12-20,8,10
292803,2016-11-29,2016-11-10,1,7
262337,2016-06-25,2014-06-30,0,1
282318,2017-02-12,2015-12-02,7,6
285737,2016-06-06,2016-03-24,4,10
290183,2017-07-07,2016-08-06,7,3
291773,2016-11-07,2016-10-01,1,3
256698,2016-11-18,2014-06-30,1,2
67205,2017-02-05,2014-06-30,1,0
287757,2016-12-24,2016-05-28,4,3
292425,2016-11-17,2016-10-27,0,9
288816,2016-09-15,2016-06-24,3,5
294983,2017-05-07,2017-01-21,1,2
265265,2017-03-14,2014-06-30,1,2
223157,2015-10-08,2014-06-30,3,2
15084,2016-08-03,,0,0
293318,2017-01-16,2016-11-29,2,8
299921,2017-08-21,2017-07-11,1,4
180709,2017-02-28,,1,1
147604,2017-01-26,2014-06-30,5,3
181688,2016-12-14,2014-06-30,3,3
288780,2017-02-01,2016-06-24,3,4
285045,2016-07-12,2016-03-02,2,5
235266,2017-07-16,2014-06-30,1,0
227432,2017-01-28,2014-06-30,0,1
272562,2016-03-18,2014-12-04,4,6
296660,2017-05-12,2017-03-25,3,0
231186,2017-04-14,2014-06-30,2,0
252352,2017-05-16,2014-06-30,4,3
216556,2017-04-08,2014-06-30,3,4
232330,2017-05-11,2014-06-30,6,5
256702,2015-10-15,2014-06-30,3,3
299994,2017-08-04,2017-07-11,1,1
271968,2015-06-24,2014-11-13,5,2
250419,2015-08-21,2014-06-30,10,10
290290,2017-01-24,2016-08-16,7,10
12554,2017-01-19,2014-06-30,0,0
257032,2017-01-22,2014-06-30,7,5
276676,2016-03-24,2015-05-21,3,1
232608,2017-07-16,2014-06-30,0,0
298205,2017-06-01,2017-05-11,0,15
275293,2016-10-28,2015-03-31,2,0
283558,2017-03-14,2016-01-12,3,6
277529,2017-02-15,2015-06-12,1,0
298448,2017-06-27,2017-05-18,1,2
64064,2016-08-29,2014-06-30,0,3
298193,2017-05-29,2017-05-11,0,5
289068,2016-08-24,2016-07-05,1,7
287860,2016-07-20,2016-06-01,1,2
206047,2017-03-17,2014-06-30,4,3
299900,2017-09-21,2017-07-11,2,0
213015,2016-10-22,2014-06-30,2,0
232690,2017-07-16,2014-06-30,1,0
235179,2015-08-07,2014-06-30,1,0
289144,2017-06-08,2016-07-06,7,4
296683,2017-04-23,2017-03-25,1,4
246709,2016-03-30,2014-06-30,4,2
272639,2015-11-14,2014-12-05,3,3
280315,2015-11-21,2015-10-16,2,6
276770,2016-03-10,2015-05-21,1,4
283732,2016-03-23,2016-01-14,2,9
285912,2016-07-23,2016-04-08,3,6
198346,2017-01-28,2014-06-30,0,0
287510,2016-06-13,2016-05-25,1,7
284830,2016-06-10,2016-02-26,3,3
267386,2015-09-02,2014-06-30,1,6
285739,2017-06-21,2016-03-24,7,7
250781,2016-11-18,2014-06-30,4,2
262502,2016-01-06,2014-06-30,0,2
285224,2016-06-06,2016-03-03,4,0
299517,2017-07-19,2017-06-29,1,2
282793,2016-10-25,2015-12-10,2,1
295279,2017-03-29,2017-02-07,2,3
291620,2017-02-24,2016-09-29,6,6
276384,2015-07-30,2015-05-09,4,6
267081,2015-09-12,2014-06-30,7,11
279003,2015-10-17,2015-09-22,1,12
272554,2015-08-21,2014-12-04,6,4
255599,2017-05-03,2014-06-30,4,1
192263,2016-04-17,2014-06-30,4,5
279588,2016-11-23,2015-10-06,2,4
288453,2016-07-04,2016-06-14,1,7
286512,2016-08-09,2016-05-03,3,11
284728,2016-06-07,2016-02-25,9,26
300284,2017-09-09,2017-08-16,1,1
284165,2017-04-20,2016-01-29,7,5
292963,2016-12-08,2016-11-18,1,1
296673,2017-04-19,2017-03-25,1,2
290893,2017-03-10,2016-09-08,0,2
100051,2015-07-23,2014-06-30,0,0
284357,2017-02-14,2016-02-04,3,2
163257,2015-12-09,2014-06-30,2,1
285350,2016-05-04,2016-03-10,2,6
291730,2016-10-27,2016-10-01,1,8
269627,2016-05-20,2014-09-04,3,1
275540,2015-09-12,2015-04-09,0,3
298288,2017-08-17,2017-05-12,2,4
25093,2016-07-03,2014-06-30,0,0
284714,2017-07-29,2016-02-25,3,1
203610,2015-10-28,2014-06-30,2,0
279878,2016-03-24,2015-10-08,5,6
265745,2016-10-21,2014-06-30,0,0
272643,2015-11-14,2014-12-05,2,1
269002,2017-07-07,2014-08-07,6,3
153477,2016-12-14,2014-06-30,10,7
282561,2016-11-13,2015-12-05,7,3
275395,2015-09-22,2015-04-01,7,4
279848,2016-03-24,2015-10-08,9,2
177663,2017-02-11,2014-06-30,16,21
282643,2016-03-24,2015-12-05,2,3
291074,2016-12-23,2016-09-16,1,0
283690,2016-04-20,2016-01-14,4,8
282656,2016-03-24,2015-12-05,4,0
281321,2016-09-01,2015-11-06,0,0
181581,2016-04-29,2014-06-30,2,2
294888,2017-05-27,2017-01-13,7,2
272455,2017-04-25,2014-11-28,2,2
290968,2017-03-14,2016-09-08,4,6
256059,2016-09-23,2014-06-30,12,14
226976,2017-07-16,2014-06-30,1,4
269155,2015-09-12,2014-08-23,6,8
183525,2017-06-02,2014-06-30,2,0
281987,2016-01-12,2015-11-21,3,7
278314,2016-05-10,2015-07-17,4,1
283309,2016-08-28,2016-01-05,6,3
215643,2016-05-13,2014-06-30,27,31
286837,2016-06-25,2016-05-12,1,5
290316,2016-11-23,2016-08-16,2,15
286892,2017-07-29,2016-05-12,7,4
290404,2016-12-13,2016-08-19,3,5
285192,2016-06-21,2016-03-03,4,2
254682,2016-08-29,2014-06-30,2,2
237065,2017-01-31,2014-06-30,8,10
211478,2016-03-29,2014-06-30,20,17
289851,2017-08-31,2016-08-03,4,2
281981,2016-01-12,2015-11-21,1,4
159797,2015-10-28,2014-06-30,5,6
57764,2016-08-24,2014-06-30,1,0
272570,2017-01-11,2014-12-04,5,3
280042,2016-05-31,2015-10-09,15,11
298961,2017-07-19,2017-06-10,1,3
281530,2016-08-21,2015-11-12,5,3
139080,2017-02-10,2014-06-30,3,1
286870,2016-07-24,2016-05-12,2,3
298609,2017-07-29,2017-05-26,1,1
140982,2016-03-30,2014-06-30,7,9
296340,2017-04-29,2017-03-18,1,5
258492,2016-02-17,2014-06-30,2,3
281230,2016-10-27,2015-11-06,1,5
288744,2016-08-09,2016-06-24,1,3
298177,2017-09-07,2017-05-11,4,0
296719,2017-06-16,2017-03-25,1,1
291742,2016-11-28,2016-10-01,3,4
288139,2016-07-26,2016-06-03,1,3
218876,2015-11-21,2014-06-30,0,3
164259,2015-09-11,2014-06-30,2,2
264277,2017-07-29,2014-06-30,3,1
264503,2015-07-30,2014-06-30,14,8
285157,2016-03-24,2016-03-03,1,6
277746,2017-07-16,2015-06-24,3,3
283561,2017-03-14,2016-01-12,4,7
294566,2017-01-24,2017-01-04,0,5
274174,2016-12-15,2015-02-06,13,13
204317,2015-11-05,2014-06-30,1,2
286347,2016-06-13,2016-04-28,1,3
291791,2016-11-13,2016-10-01,1,4
291718,2016-10-28,2016-10-01,1,6
277534,2017-03-01,2015-06-12,11,8
263703,2017-08-11,2014-06-30,3,1
299349,2017-08-02,2017-06-24,1,5
294922,2017-03-14,2017-01-18,2,1
297458,2017-05-12,2017-04-26,0,2
109982,2016-06-04,2014-06-30,2,1
289544,2016-11-20,2016-07-21,5,12
236191,2017-01-04,2014-06-30,10,5
273305,2016-06-26,2014-12-19,6,9
273834,2015-07-10,2015-01-16,3,2
299898,2017-07-21,2017-07-11,0,2
241766,2016-02-21,2014-06-30,6,2
14677,2016-08-08,,0,0
289550,2016-11-26,2016-07-21,7,16
262277,2016-04-10,2014-06-30,5,1
286787,2016-06-06,2016-05-12,1,5
263421,2017-09-08,2014-06-30,0,0
278776,2015-09-18,2015-09-04,1,7
246497,2017-07-29,2014-06-30,1,1
186935,2015-09-23,,2,0
293382,2017-01-16,2016-11-29,2,9
219783,2017-08-31,2014-06-30,6,2
203014,2016-03-26,2014-06-30,2,0
274356,2017-07-16,2015-02-19,1,0
269374,2015-08-21,2014-08-28,3,1
131808,2017-01-28,2014-06-30,1,0
282571,2016-03-24,2015-12-05,4,6
290174,2016-08-24,2016-08-06,0,3
238507,2016-05-31,2014-06-30,3,3
298007,2017-08-21,2017-05-06,4,1
296438,2017-03-24,2017-03-18,1,5
293638,2017-01-06,2016-12-06,0,9
298012,2017-08-21,2017-05-06,2,0
277769,2015-07-10,2015-06-24,0,3
287222,2016-10-14,2016-05-24,3,1
292427,2017-01-10,2016-10-27,4,5
273239,2017-04-13,2014-12-18,3,4
292308,2017-01-30,2016-10-20,4,5
92682,2016-01-09,2014-06-30,5,3
144775,2015-09-27,2014-06-30,2,0
188144,2017-02-06,2014-06-30,1,0
295288,2017-03-14,2017-02-07,2,5
137106,2016-02-05,2014-06-30,0,1
292538,2017-03-11,2016-10-28,6,2
272470,2016-02-27,2014-11-29,3,2
282360,2015-12-29,2015-12-02,0,8
258220,2017-07-23,2014-06-30,8,2
298008,2017-07-05,2017-05-06,0,1
276295,2016-06-01,2015-05-07,6,3
300334,2017-09-17,2017-08-17,1,0
285232,2016-03-23,2016-03-03,0,3
280780,2015-11-21,2015-10-23,0,3
190847,2016-08-29,2014-06-30,0,3
299880,2017-08-01,2017-07-11,1,2
286503,2017-07-30,2016-05-03,3,3
295654,2017-05-23,2017-02-25,2,2
240133,2016-09-27,2014-06-30,2,0
272575,2016-01-23,2014-12-04,3,5
271999,2015-09-02,2014-11-13,3,5
285519,2016-04-13,2016-03-12,0,2
288364,2016-07-11,2016-06-14,1,3
295665,2017-05-16,2017-02-25,2,2
284864,2017-07-24,2016-02-26,4,3
245838,2017-07-06,2014-06-30,7,5
104840,2015-11-03,2014-06-30,1,2
261535,2016-11-10,2014-06-30,1,1
238079,2015-08-21,2014-06-30,2,4
188095,2016-04-02,2014-06-30,1,1
254377,2017-07-16,2014-06-30,1,0
288372,2016-06-30,2016-06-14,1,2
267599,2015-07-10,2014-06-30,2,4
281223,2015-12-29,2015-11-06,1,4
289184,2016-11-13,2016-07-06,3,8
17014,2017-07-16,2014-06-30,0,1
262834,2015-09-15,2014-06-30,4,8
267004,2015-09-10,2014-06-30,1,2
139845,2015-09-11,2014-06-30,1,2
286879,2016-07-26,2016-05-12,2,8
264954,2017-07-16,2014-06-30,3,1
268593,2016-08-24,2014-07-17,1,8
268277,2017-03-11,2014-07-08,1,0
274239,2015-09-08,2015-02-12,5,6
203991,2016-10-26,2014-06-30,2,4
277485,2015-09-02,2015-06-12,1,3
276661,2015-07-10,2015-05-21,1,4
218428,2015-09-12,2014-06-30,0,1
268645,2016-01-23,2014-07-17,3,2
288480,2016-06-30,2016-06-14,1,0
267512,2017-01-11,2014-06-30,4,3
141112,2017-07-16,2014-06-30,2,1
277520,2016-10-21,2015-06-12,1,0
296675,2017-04-26,2017-03-25,2,3
297080,2017-04-29,2017-04-07,1,7
288391,2016-07-11,2016-06-14,1,4
283546,2016-03-24,2016-01-12,0,8
92942,2016-05-18,2014-06-30,3,2
206436,2017-07-16,2014-06-30,0,0
226342,2016-12-02,2014-06-30,4,7
289152,2016-10-16,2016-07-06,3,2
238162,2015-10-05,2014-06-30,0,3
268913,2015-09-12,2014-08-01,5,8
277033,2016-05-24,2015-05-26,2,2
297047,2017-09-08,2017-04-07,6,1
258156,2017-05-16,2014-06-30,0,1
277183,2015-09-08,2015-06-04,1,4
287558,2017-07-16,2016-05-25,3,2
290328,2017-01-29,2016-08-16,4,4
182224,2017-02-09,2014-06-30,2,2
295274,2017-05-20,2017-02-07,5,6
